INDE,IAA,IAN,IDA,IEG,IPP,IPS,IPV,PEDRA,PONTO_VIRADA,FASE,ANO_REFERENCIA,target_risco_defasagem
7.883752,8.500020000000001,10.0,7.0,8.7,5.9375,7.5,7.75,Ametista,0,,2020,1
7.856389666666666,7.91667,10.0,5.5,8.9,8.125,7.5,8.111113333333334,Ametista,0,,2020,0
8.077085,7.50002,10.0,7.5,8.0,8.4375,7.5,8.166665,Ametista,0,,2020,0
8.381390666666666,8.33334,10.0,7.333333333333333,9.9,8.749999999999998,4.375,8.94445,Ametista,1,,2020,0
9.712504,9.000020000000001,10.0,10.0,10.0,10.0,8.125,10.00001,Topázio,1,,2020,0
,,,,,,,,<AUSENTE>,-1,,2020,1
7.766252,9.50002,5.0,10.0,6.8,6.5625,7.5,7.75,Ametista,0,,2020,1
7.2055576666666665,9.58335,5.0,6.5,7.0,7.083333333333334,7.5,7.944446666666665,Ágata,0,,2020,1
,,,,,,,,<AUSENTE>,-1,,2020,1
9.354725666666669,9.58335,10.0,9.0,9.6,10.0,6.875,9.944453333333334,Topázio,1,,2020,0
,,,,,,,,<AUSENTE>,-1,,2020,1
7.698890666666667,8.500020000000001,5.0,7.0,9.3,8.125,6.875,7.944443333333334,Ametista,0,,2020,1
6.64396,8.75001,5.0,5.0,6.1,7.65625,6.25,8.29167,Ágata,0,,2020,1
8.307780333333334,9.58335,5.0,8.0,9.9,8.749999999999998,7.5,8.222226666666668,Ametista,0,,2020,1
6.6788913333333335,10.00002,10.0,2.5,7.7,6.458333333333333,4.375,7.77778,Ágata,0,,2020,0
,,,,,,,,<AUSENTE>,-1,,2020,0
,,,,,,,,<AUSENTE>,-1,,2020,1
7.460002,8.000020000000001,5.0,7.25,8.3,7.5,7.5,7.75,Ametista,0,,2020,1
,,,,,,,,<AUSENTE>,-1,,2020,0
6.966669,9.50002,10.0,0.0,10.0,7.5,7.5,7.583335,Ágata,0,,2020,0
,,,,,,,,<AUSENTE>,-1,,2020,1
8.955835,9.50002,10.0,10.0,9.8,8.125,7.5,7.416665,Topázio,0,,2020,0
,,,,,,,,<AUSENTE>,-1,,2020,0
6.878125166666666,0.0,5.0,6.333333333333333,9.0,8.28125,7.5,8.666667499999999,Ágata,1,,2020,1
,,,,,,,,<AUSENTE>,-1,,2020,1
7.311667166666667,8.33334,10.0,5.833333333333333,7.1,7.5,6.25,7.5833325,Ametista,0,,2020,0
7.679582333333333,7.5,5.0,6.666666666666667,9.7,8.4375,6.875,8.124995,Ametista,0,,2020,1
5.604168666666667,9.000020000000001,5.0,0.0,6.5,6.875,7.5,7.333333333333333,Quartzo,0,,2020,1
6.330001333333334,7.916679999999999,5.0,3.5,6.9,7.083333333333333,7.5,7.5,Ágata,0,,2020,1
,,,,,,,,<AUSENTE>,-1,,2020,1
,,,,,,,,<AUSENTE>,-1,,2020,1
,,,,,,,,<AUSENTE>,-1,,2020,1
7.550001,8.500020000000001,5.0,9.5,10.0,2.5,5.0,7.749995,Ametista,0,,2020,1
9.687504,10.00002,10.0,9.0,10.0,9.375,10.0,9.75001,Topázio,1,,2020,0
8.958334,8.91668,10.0,10.0,10.0,7.5,10.0,6.58333,Topázio,0,,2020,0
,,,,,,,,<AUSENTE>,-1,,2020,1
7.352085,9.50002,5.0,5.5,9.0,7.1875,7.5,7.666665,Ametista,0,,2020,1
7.386391000000001,5.41667,5.0,6.0,8.8,8.125,7.5,9.11112,Ametista,1,,2020,1
8.155003333333333,9.16668,10.0,5.333333333333333,9.4,8.958333333333332,5.625,9.166676666666666,Ametista,1,,2020,0
8.750001000000001,9.000020000000001,10.0,8.5,10.0,7.5,10.0,6.999995,Topázio,0,,2020,0
7.263334,9.50002,5.0,10.0,9.9,2.5,2.5,6.66666,Ágata,0,,2020,1
8.188612666666666,8.33334,10.0,6.666666666666667,9.2,8.749999999999998,5.625,8.722226666666666,Ametista,1,,2020,0
9.04042,10.00002,10.0,9.5,9.4,5.9375,7.5,9.58334,Topázio,1,,2020,1
7.073542833333333,8.33334,5.0,7.666666666666667,5.8,7.96875,7.5,7.5000025,Ágata,0,,2020,1
6.846668,9.000020000000001,10.0,4.5,6.4,5.625,6.875,7.58333,Ágata,0,,2020,0
,,,,,,,,<AUSENTE>,-1,,2020,0
6.7552085,7.08333,10.0,4.0,6.0,7.96875,7.5,7.5000025,Ágata,0,,2020,0
7.336876333333333,9.58335,5.0,6.666666666666667,8.2,7.96875,7.5,6.791665,Ametista,0,,2020,1
7.393752,9.50002,5.0,6.0,8.0,8.4375,7.5,7.75,Ametista,0,,2020,1
,,,,,,,,<AUSENTE>,-1,,2020,1
6.908335000000001,9.000020000000001,5.0,7.5,6.5,6.875,4.375,7.916665,Ágata,0,,2020,1
7.966668666666667,8.000020000000001,10.0,7.0,8.5,7.5,7.5,7.833333333333333,Ametista,0,,2020,1
8.597919000000001,9.000020000000001,10.0,8.5,10.0,7.8125,7.5,7.333335,Topázio,0,,2020,0
,,,,,,,,<AUSENTE>,-1,,2020,0
8.516877,9.16668,10.0,8.0,9.6,7.96875,7.5,7.66667,Topázio,0,,2020,0
8.450002,9.50002,5.0,10.0,10.0,7.5,7.5,7.5,Ametista,0,,2020,1
,,,,,,,,<AUSENTE>,-1,,2020,1
6.8535425,7.91667,5.0,4.5,7.7,7.96875,7.5,7.8750025,Ágata,0,,2020,1
6.448887666666667,7.91667,5.0,5.333333333333333,6.8,7.708333333333334,4.375,7.611103333333333,Ágata,0,,2020,1
7.693335000000001,8.500020000000001,5.0,7.5,8.8,7.5,7.5,7.916665,Ametista,0,,2020,1
8.032085,8.000020000000001,5.0,9.5,8.9,7.1875,7.5,7.916665,Ametista,0,,2020,0
8.342085,8.500020000000001,10.0,10.0,7.7,7.1875,7.5,7.416665,Ametista,0,,2020,0
7.895835000000001,9.000020000000001,5.0,9.5,10.0,2.5,8.125,7.666665,Ametista,0,,2020,1
,,,,,,,,<AUSENTE>,-1,,2020,0
7.187502,9.000020000000001,5.0,5.0,9.0,7.708333333333334,7.5,7.333333333333333,Ágata,0,,2020,0
,,,,,,,,<AUSENTE>,-1,,2020,1
,,,,,,,,<AUSENTE>,-1,,2020,1
5.854169000000001,7.416679999999999,5.0,5.5,10.0,2.5,5.625,3.500005,Quartzo,0,,2020,1
,,,,,,,,<AUSENTE>,-1,,2020,0
8.428752,10.00002,5.0,10.0,9.8,7.1875,7.5,7.5,Ametista,0,,2020,1
7.798752,9.000020000000001,10.0,6.5,8.4,7.1875,7.5,7.25,Ametista,0,,2020,1
,,,,,,,,<AUSENTE>,-1,,2020,1
,,,,,,,,<AUSENTE>,-1,,2020,0
7.131667,7.5,10.0,3.0,8.7,8.125,5.625,8.333335,Ágata,0,,2020,0
8.238891333333333,9.50002,5.0,7.5,9.5,9.166666666666666,7.5,8.611113333333334,Ametista,0,,2020,1
7.963542166666667,6.24999,10.0,6.333333333333333,9.0,7.96875,7.5,8.6250075,Ametista,0,,2020,0
8.167711833333334,10.00002,10.0,4.666666666666667,9.0,8.59375,7.5,9.1250075,Ametista,1,,2020,0
5.884585,8.500020000000001,5.0,0.0,7.1,7.8125,7.5,7.916665,Quartzo,0,,2020,1
,,,,,,,,<AUSENTE>,-1,,2020,1
7.110556666666668,7.916679999999999,5.0,5.0,8.9,6.666666666666667,7.5,8.11111,Ágata,0,,2020,0
6.064722,9.16668,5.0,5.0,5.9,7.708333333333334,3.75,6.611103333333333,Quartzo,0,,2020,1
,,,,,,,,<AUSENTE>,-1,,2020,1
7.953752000000001,8.500020000000001,5.0,8.5,8.8,8.4375,7.5,7.75,Ametista,0,,2020,1
7.708752,9.50002,5.0,7.5,8.7,7.1875,7.5,7.75,Ametista,0,,2020,0
8.431252,9.000020000000001,5.0,10.0,10.0,7.8125,7.5,7.5,Ametista,0,,2020,1
,,,,,,,,<AUSENTE>,-1,,2020,1
8.082224,10.00002,5.0,8.5,8.8,7.5,7.5,8.11111,Ametista,0,,2020,1
7.800001000000001,9.000020000000001,10.0,10.0,10.0,2.5,5.0,5.749995,Ametista,0,,2020,1
,,,,,,,,<AUSENTE>,-1,,2020,1
3.7383341666666654,7.91667,5.0,2.833333333333333,0.9,5.625,3.125,4.1250025,Quartzo,0,,2020,1
,,,,,,,,<AUSENTE>,-1,,2020,1
,,,,,,,,<AUSENTE>,-1,,2020,0
8.257224,10.00002,10.0,7.5,8.3,7.916666666666668,7.5,7.777776666666667,Ametista,0,,2020,0
,,,,,,,,<AUSENTE>,-1,,2020,0
7.744167,7.08333,10.0,9.0,4.7,8.125,7.5,8.66667,Ametista,1,,2020,1
8.539168666666667,10.00002,10.0,7.0,9.8,8.125,5.0,9.333333333333332,Topázio,1,,2020,1
8.832500666666666,8.33334,10.0,8.666666666666666,9.6,8.958333333333332,7.5,8.5,Topázio,0,,2020,0
7.355834833333334,7.91667,10.0,5.666666666666667,5.8,8.125,7.5,8.5416725,Ametista,0,,2020,0
7.718541500000001,7.08333,5.0,8.0,9.4,7.96875,7.5,7.4166675,Ametista,0,,2020,1
5.2162495,0.0,10.0,2.0,4.3,7.8125,7.5,7.1249975,Quartzo,0,,2020,0
,,,,,,,,<AUSENTE>,-1,,2020,1
7.842502,9.000020000000001,10.0,5.0,9.4,8.125,7.5,7.5,Ametista,0,,2020,1
9.075004,9.50002,5.0,10.0,10.0,10.0,6.25,10.00001,Topázio,1,,2020,1
6.345836,7.416679999999999,10.0,7.0,10.0,2.5,4.375,2.58334,Ágata,0,,2020,1
8.081669333333334,9.000020000000001,5.0,9.0,9.7,8.749999999999998,5.0,7.833336666666668,Ametista,0,,2020,0
8.942503,8.000020000000001,10.0,9.5,9.4,8.125,7.5,9.000005,Topázio,1,,2020,1
,,,,,,,,<AUSENTE>,-1,,2020,0
7.832084999999999,9.50002,10.0,5.0,7.9,8.4375,8.75,7.916665,Ametista,0,,2020,1
,,,,,,,,<AUSENTE>,-1,,2020,1
8.845558333333333,9.58335,10.0,8.333333333333334,9.7,8.749999999999998,7.5,8.277783333333334,Topázio,0,,2020,0
7.849446666666667,8.500020000000001,10.0,7.5,7.4,8.125,5.625,8.222223333333332,Ametista,0,,2020,1
5.890556,7.33334,5.0,0.0,7.8,7.916666666666668,7.5,7.777776666666667,Quartzo,0,,2020,1
5.959792166666666,8.33334,10.0,4.333333333333333,3.7,7.03125,5.0,6.5833325,Quartzo,0,,2020,0
,,,,,,,,<AUSENTE>,-1,,2020,1
8.125001833333334,8.333350000000001,10.0,7.666666666666667,9.0,7.5,7.5,7.2916675,Ametista,0,,2020,0
6.492502,9.000020000000001,5.0,4.0,8.4,5.625,5.0,7.75,Ágata,0,,2020,1
,,,,,,,,<AUSENTE>,-1,,2020,0
7.285002,9.000020000000001,5.0,9.5,8.8,2.5,6.25,6.75,Ametista,0,,2020,1
6.707085000000001,9.000020000000001,5.0,5.5,7.4,7.1875,6.25,6.916665,Ágata,0,,2020,1
,,,,,,,,<AUSENTE>,-1,,2020,0
7.639168666666666,9.50002,5.0,8.0,8.3,7.083333333333333,6.875,7.666666666666666,Ametista,0,,2020,1
,,,,,,,,<AUSENTE>,-1,,2020,1
,,,,,,,,<AUSENTE>,-1,,2020,1
8.575835333333334,8.500020000000001,10.0,10.0,8.9,7.291666666666667,7.5,7.333333333333333,Topázio,0,,2020,0
,,,,,,,,<AUSENTE>,-1,,2020,1
,,,,,,,,<AUSENTE>,-1,,2020,1
,,,,,,,,<AUSENTE>,-1,,2020,1
7.251668666666667,9.16668,2.5,6.333333333333333,8.8,7.5,7.5,7.79167,Ágata,0,,2020,1
8.221251333333335,7.91667,10.0,6.666666666666667,9.2,9.0625,5.0,9.250005,Ametista,1,,2020,0
8.386113666666667,9.58335,10.0,6.333333333333333,9.5,8.958333333333332,6.875,8.388893333333336,Ametista,0,,2020,0
8.336252,8.500020000000001,10.0,8.5,8.9,8.4375,5.625,8.0,Ametista,0,,2020,0
8.370558666666668,9.16668,5.0,8.0,9.7,8.958333333333334,5.625,9.777786666666666,Ametista,1,,2020,1
,,,,,,,,<AUSENTE>,-1,,2020,0
4.386945333333334,9.000020000000001,2.5,0.0,4.4,7.291666666666667,7.5,4.388883333333333,Quartzo,0,,2020,1
6.113055666666667,7.91667,5.0,3.6666666666666665,5.6,7.291666666666667,7.5,7.444443333333334,Ágata,0,,2020,1
6.399376666666667,10.00002,10.0,4.333333333333333,5.2,6.09375,7.5,5.666665,Ágata,0,,2020,1
8.018889999999999,9.50002,5.0,10.0,8.4,7.708333333333334,5.625,7.777773333333332,Ametista,0,,2020,1
,,,,,,,,<AUSENTE>,-1,,2020,1
,,,,,,,,<AUSENTE>,-1,,2020,1
6.840002,9.000020000000001,5.0,3.75,7.7,8.333333333333334,7.5,7.833333333333334,Ágata,0,,2020,0
4.4162505,6.66667,10.0,0.0,1.3,7.1875,4.375,6.6666675,Quartzo,0,,2020,0
,,,,,,,,<AUSENTE>,-1,,2020,0
7.586252,9.000020000000001,10.0,7.25,8.9,4.6875,4.375,7.75,Ametista,0,,2020,1
7.713335,9.000020000000001,10.0,5.0,8.9,7.5,7.5,7.666665,Ametista,0,,2020,0
7.201112,8.33334,5.0,6.0,8.7,8.125,4.375,8.38889,Ágata,0,,2020,1
8.848335333333335,10.00002,10.0,9.5,9.2,7.916666666666668,7.5,7.833333333333333,Topázio,0,,2020,0
,,,,,,,,<AUSENTE>,-1,,2020,0
7.361390666666666,8.500020000000001,5.0,6.5,8.3,6.458333333333334,7.5,8.277776666666666,Ametista,0,,2020,1
,,,,,,,,<AUSENTE>,-1,,2020,0
8.508890666666668,10.00002,10.0,8.5,9.1,5.833333333333333,7.5,8.277776666666666,Topázio,0,,2020,1
7.900001,7.50002,10.0,6.5,10.0,7.5,7.5,6.749995,Ametista,0,,2020,1
9.461114666666669,9.16668,10.0,8.666666666666666,10.0,8.958333333333332,9.375,9.8889,Topázio,1,,2020,0
7.1833350000000005,9.000020000000001,10.0,2.0,9.5,7.5,7.5,7.416665,Ágata,0,,2020,1
4.9156245,4.58334,10.0,2.0,2.0,6.40625,7.5,6.3333275,Quartzo,0,,2020,0
6.053335000000001,8.000020000000001,5.0,4.5,9.1,2.5,5.0,6.416665,Quartzo,0,,2020,1
8.064375833333333,8.75001,10.0,6.666666666666667,7.9,8.59375,7.5,8.333332500000001,Ametista,0,,2020,0
,,,,,,,,<AUSENTE>,-1,,2020,0
8.258057333333333,9.50002,5.0,10.0,9.2,7.291666666666667,7.5,7.444443333333333,Ametista,0,,2020,1
,,,,,,,,<AUSENTE>,-1,,2020,1
8.952223333333334,8.33334,10.0,7.0,9.9,9.166666666666666,10.0,9.111113333333332,Topázio,1,,2020,1
8.137224,9.16668,5.0,7.333333333333333,9.7,8.749999999999998,7.5,8.444446666666668,Ametista,0,,2020,1
7.595277333333334,8.33334,5.0,7.0,9.4,8.541666666666666,7.5,6.888883333333333,Ametista,0,,2020,1
8.133752000000001,9.000020000000001,10.0,8.0,9.2,5.3125,5.625,8.5,Ametista,0,,2020,1
7.582500666666667,7.5,2.5,8.0,8.1,8.125,7.5,9.000003333333334,Ametista,1,,2020,1
8.5,8.500020000000001,10.0,10.0,10.0,7.5,7.5,5.74999,Topázio,0,,2020,0
8.418752000000001,9.000020000000001,10.0,9.5,8.0,7.1875,7.5,7.75,Ametista,0,,2020,0
7.79167,9.50002,5.0,9.5,10.0,2.5,6.25,7.83334,Ametista,0,,2020,1
9.200004,9.50002,5.0,10.0,10.0,10.0,7.5,10.00001,Topázio,1,,2020,1
,,,,,,,,<AUSENTE>,-1,,2020,0
,,,,,,,,<AUSENTE>,-1,,2020,0
8.175279333333334,8.500020000000001,10.0,7.0,9.3,7.708333333333334,7.5,7.722219999999999,Ametista,0,,2020,1
,,,,,,,,<AUSENTE>,-1,,2020,0
7.813335,9.000020000000001,10.0,7.5,9.9,5.625,4.375,7.166665,Ametista,0,,2020,0
8.396044333333334,9.58335,10.0,6.666666666666667,9.6,8.59375,5.0,9.125005000000002,Ametista,1,,2020,0
8.325834666666669,9.16668,10.0,6.666666666666667,9.4,8.125,7.5,8.166666666666668,Ametista,0,,2020,0
8.613335,8.75001,10.0,6.5,9.9,8.75,7.5,9.166669999999998,Topázio,1,,2020,1
6.816668000000001,9.000020000000001,5.0,6.0,8.0,7.5,5.0,6.83333,Ágata,0,,2020,1
6.216666833333334,8.75001,5.0,5.666666666666667,5.0,8.125,5.625,6.6666625,Ágata,0,,2020,1
,,,,,,,,<AUSENTE>,-1,,2020,0
9.33542,9.000020000000001,10.0,9.5,9.5,9.6875,7.5,9.58334,Topázio,1,,2020,0
,,,,,,,,<AUSENTE>,-1,,2020,1
7.412223000000001,9.58335,10.0,6.0,6.7,8.541666666666666,4.375,8.111106666666666,Ametista,0,,2020,0
7.969167,7.91667,10.0,7.0,9.7,8.125,3.75,8.25,Ametista,0,,2020,0
5.6825,10.00002,5.0,4.166666666666667,6.6,5.625,5.0,4.833323333333333,Quartzo,0,,2020,1
6.443336,9.50002,5.0,8.5,9.8,2.5,2.5,4.16667,Ágata,0,,2020,1
7.918752,9.50002,5.0,7.5,10.0,7.8125,6.875,7.5,Ametista,0,,2020,1
,,,,,,,,<AUSENTE>,-1,,2020,1
7.338057,8.75001,5.0,6.0,8.6,7.708333333333334,7.5,7.611113333333334,Ametista,0,,2020,1
6.289445333333333,9.000020000000001,5.0,6.0,5.6,6.875,4.375,7.222216666666665,Ágata,0,,2020,1
7.0419453333333335,8.000020000000001,5.0,5.5,8.8,6.875,7.5,7.222216666666665,Ágata,0,,2020,1
8.404168666666667,8.33334,5.0,9.333333333333334,9.0,8.541666666666666,7.5,9.000006666666666,Ametista,1,,2020,1
7.212501333333334,9.000020000000001,10.0,4.25,7.5,7.083333333333334,6.875,7.833329999999999,Ágata,0,,2020,1
5.934999666666666,7.5,5.0,6.333333333333333,5.3,6.25,5.0,6.166665,Quartzo,0,,2020,1
7.454722,7.5,5.0,8.0,9.1,8.125,7.5,6.11111,Ametista,0,,2020,1
7.687500833333334,9.16668,10.0,6.666666666666667,9.5,7.5,4.375,6.7499975,Ametista,0,,2020,0
4.864168666666667,9.000020000000001,5.0,0.0,4.3,7.291666666666667,3.75,7.5,Quartzo,0,,2020,1
,,,,,,,,<AUSENTE>,-1,,2020,0
8.318544833333334,10.00002,10.0,6.666666666666667,9.9,8.59375,4.375,8.5416725,Ametista,0,,2020,0
,,,,,,,,<AUSENTE>,-1,,2020,0
7.978752000000001,9.000020000000001,5.0,9.5,8.8,7.1875,7.5,7.25,Ametista,0,,2020,1
8.289376333333333,5.83333,10.0,7.666666666666667,9.9,8.59375,5.0,9.166675,Ametista,1,,2020,0
9.316669,9.000020000000001,10.0,10.0,10.0,7.5,10.0,8.333335,Topázio,0,,2020,0
7.780279333333334,9.000020000000001,5.0,7.0,9.7,7.708333333333334,6.25,8.22222,Ametista,0,,2020,1
7.137293833333334,9.58335,5.0,7.666666666666667,5.9,7.65625,7.5,7.2500025,Ágata,0,,2020,1
,,,,,,,,<AUSENTE>,-1,,2020,1
,,,,,,,,<AUSENTE>,-1,,2020,1
7.912085,9.000020000000001,5.0,9.0,8.8,7.1875,7.5,7.416665,Ametista,0,,2020,1
7.131665666666668,8.75001,10.0,7.333333333333333,6.2,6.666666666666667,7.5,5.666656666666667,Ágata,0,,2020,1
,,,,,,,,<AUSENTE>,-1,,2020,1
7.312779666666668,7.50001,5.0,5.333333333333333,8.8,8.749999999999998,7.5,8.055560000000002,Ametista,0,,2020,1
,,,,,,,,<AUSENTE>,-1,,2020,1
7.808335333333335,10.00002,10.0,5.5,8.5,7.916666666666668,7.5,7.333333333333333,Ametista,0,,2020,0
,,,,,,,,<AUSENTE>,-1,,2020,1
,,,,,,,,<AUSENTE>,-1,,2020,1
7.599446,9.50002,10.0,8.5,7.4,5.0,6.25,6.72222,Ametista,0,,2020,1
8.216668,8.500020000000001,5.0,9.5,10.0,7.5,7.5,7.33333,Ametista,0,,2020,1
,,,,,,,,<AUSENTE>,-1,,2020,1
7.0,8.500020000000001,5.0,9.5,10.0,2.5,5.0,4.99999,Ágata,0,,2020,1
7.510557333333334,9.50002,10.0,1.5,8.9,8.541666666666666,9.375,8.444443333333332,Ametista,0,,2020,0
8.745557333333332,9.50002,10.0,10.0,9.2,7.5,7.5,7.277776666666666,Topázio,0,,2020,0
6.957083833333334,7.91667,5.0,6.666666666666667,6.4,8.4375,7.5,7.2916675,Ágata,0,,2020,1
7.322224,9.000020000000001,10.0,4.5,8.0,7.083333333333333,6.25,7.944443333333333,Ametista,0,,2020,1
,,,,,,,,<AUSENTE>,-1,,2020,1
8.586392000000002,9.50002,10.0,7.0,9.3,7.708333333333334,7.5,9.277783333333334,Topázio,1,,2020,0
8.291043,8.75001,10.0,8.0,9.7,8.59375,5.0,7.583335,Ametista,0,,2020,0
,,,,,,,,<AUSENTE>,-1,,2020,1
7.426390666666667,9.50002,5.0,9.0,7.5,6.875,5.0,7.444443333333333,Ametista,0,,2020,0
8.347085000000002,8.75001,10.0,8.0,9.1,7.8125,6.875,7.91667,Ametista,0,,2020,0
8.033612666666667,9.50002,5.0,9.5,8.3,7.291666666666667,7.5,7.72222,Ametista,0,,2020,0
5.791112666666667,9.000020000000001,5.0,2.75,5.9,7.5,5.0,7.055553333333332,Quartzo,0,,2020,1
8.342224,10.00002,5.0,8.0,9.6,9.166666666666666,7.5,8.277776666666668,Ametista,0,,2020,1
8.374169333333333,9.50002,10.0,8.0,9.6,7.708333333333334,5.0,8.16667,Ametista,0,,2020,1
,,,,,,,,<AUSENTE>,-1,,2020,1
5.862502000000001,9.000020000000001,5.0,0.5,9.0,5.625,5.0,7.5,Quartzo,0,,2020,1
8.78125,9.50002,10.0,10.0,10.0,7.8125,7.5,6.49999,Topázio,0,,2020,1
6.512222666666668,10.00002,10.0,5.666666666666667,4.2,7.291666666666667,6.875,5.611103333333335,Ágata,0,,2020,1
8.003127333333333,9.58335,5.0,8.666666666666666,8.5,7.65625,6.875,8.29167,Ametista,0,,2020,1
,,,,,,,,<AUSENTE>,-1,,2020,1
8.688544833333335,10.00002,10.0,7.666666666666667,9.5,7.96875,7.5,8.5416725,Topázio,0,,2020,0
,,,,,,,,<AUSENTE>,-1,,2020,1
,,,,,,,,<AUSENTE>,-1,,2020,0
8.308752,9.50002,5.0,9.0,8.7,7.1875,10.0,8.0,Ametista,0,,2020,1
7.771876666666667,9.16668,10.0,4.833333333333333,8.5,7.96875,7.5,8.208335,Ametista,0,,2020,0
8.179167666666668,8.75001,10.0,6.666666666666667,8.5,8.541666666666666,7.5,8.333333333333334,Ametista,0,,2020,0
7.233337000000001,9.000020000000001,10.0,5.75,10.0,2.5,7.5,5.916675,Ágata,0,,2020,1
8.783335000000001,8.500020000000001,10.0,10.0,10.0,7.5,7.5,7.166665,Topázio,0,,2020,0
8.008612333333332,9.58335,10.0,7.666666666666667,8.8,8.125,5.0,7.222219999999999,Ametista,0,,2020,0
,,,,,,,,<AUSENTE>,-1,,2020,1
8.302779666666668,8.75001,5.0,8.333333333333334,10.0,9.791666666666666,4.375,9.222226666666666,Ametista,1,,2020,1
8.734168,7.416679999999999,10.0,10.0,9.4,8.125,7.5,7.75,Topázio,0,,2020,1
8.320209166666666,8.75001,10.0,7.333333333333333,9.2,7.96875,7.5,7.9583325,Ametista,0,,2020,0
8.17278,7.416679999999999,10.0,6.0,9.6,8.75,6.25,9.05556,Ametista,1,,2020,0
8.647224666666666,8.500020000000001,5.0,10.0,8.5,8.75,10.0,8.611113333333334,Topázio,0,,2020,0
7.495419,8.500020000000001,5.0,6.5,9.3,7.1875,7.5,7.583335,Ametista,0,,2020,1
,,,,,,,,<AUSENTE>,-1,,2020,0
8.362502000000001,9.000020000000001,5.0,9.5,10.0,8.125,7.5,7.5,Ametista,0,,2020,1
,,,,,,,,<AUSENTE>,-1,,2020,1
7.903127833333334,9.16668,5.0,6.666666666666667,8.5,8.90625,6.875,9.375007500000002,Ametista,1,,2020,1
,,,,,,,,<AUSENTE>,-1,,2020,1
7.579446666666667,8.33334,5.0,5.0,9.8,7.916666666666668,7.5,8.72223,Ametista,1,,2020,1
5.635834000000001,9.50002,5.0,0.0,6.7,7.916666666666668,6.875,6.833326666666666,Quartzo,0,,2020,1
,,,,,,,,<AUSENTE>,-1,,2020,1
,,,,,,,,<AUSENTE>,-1,,2020,1
,,,,,,,,<AUSENTE>,-1,,2020,1
7.482502,8.500020000000001,5.0,7.0,8.1,8.125,7.5,7.75,Ametista,0,,2020,1
9.098057333333331,9.16668,10.0,9.666666666666666,9.9,7.916666666666667,6.875,8.944446666666666,Topázio,1,,2020,0
,,,,,,,,<AUSENTE>,-1,,2020,1
6.706112,9.50002,5.0,5.5,7.6,7.5,3.75,7.555549999999998,Ágata,0,,2020,1
4.928614333333334,8.33335,2.5,4.666666666666667,5.4,5.416666666666667,3.125,4.888896666666667,Quartzo,0,,2020,1
7.275557333333333,8.33334,10.0,6.0,6.6,8.333333333333332,5.0,7.944450000000002,Ágata,0,,2020,1
,,,,,,,,<AUSENTE>,-1,,2020,0
,,,,,,,,<AUSENTE>,-1,,2020,1
7.816668666666667,8.500020000000001,5.0,7.5,9.5,7.5,7.5,7.833333333333333,Ametista,0,,2020,0
7.702085,9.50002,5.0,7.5,8.5,8.4375,6.25,7.916665,Ametista,0,,2020,1
6.8558346666666665,8.91668,5.0,7.5,5.3,6.875,7.5,7.333333333333333,Ágata,0,,2020,0
6.012498666666668,7.5,10.0,1.1666666666666667,5.5,8.125,7.5,6.833326666666666,Quartzo,0,,2020,1
8.356669333333334,8.000020000000001,10.0,6.25,9.7,9.166666666666666,7.5,8.500003333333334,Ametista,0,,2020,0
,,,,,,,,<AUSENTE>,-1,,2020,1
7.288543499999999,9.58335,10.0,9.0,4.0,7.96875,5.0,7.1666675,Ametista,0,,2020,0
,,,,,,,,<AUSENTE>,-1,,2020,0
,,,,,,,,<AUSENTE>,-1,,2020,0
,,,,,,,,<AUSENTE>,-1,,2020,0
9.233336,9.50002,10.0,10.0,10.0,7.5,7.5,8.91667,Topázio,1,,2020,0
7.682224000000001,9.000020000000001,5.0,10.0,6.3,7.5,7.5,7.61111,Ametista,0,,2020,1
,,,,,,,,<AUSENTE>,-1,,2020,1
,,,,,,,,<AUSENTE>,-1,,2020,0
7.638334333333334,9.58335,5.0,7.666666666666667,8.4,8.125,6.875,7.33333,Ametista,0,,2020,1
,,,,,,,,<AUSENTE>,-1,,2020,0
7.841669,9.000020000000001,10.0,6.5,8.5,5.0,6.25,9.083335,Ametista,1,,2020,0
7.424375833333333,7.08334,10.0,7.666666666666667,6.2,7.96875,6.875,7.2916675,Ametista,0,,2020,1
,,,,,,,,<AUSENTE>,-1,,2020,1
6.519446,9.000020000000001,2.5,6.0,8.0,5.208333333333333,4.375,8.055553333333332,Ágata,0,,2020,1
7.982502,8.500020000000001,5.0,10.0,8.1,7.291666666666667,7.5,7.666666666666666,Ametista,0,,2020,1
8.664586,10.00002,10.0,7.5,10.0,7.8125,7.5,8.16667,Topázio,0,,2020,0
7.393334666666667,8.41668,5.0,8.0,8.3,5.416666666666666,7.5,7.5,Ametista,0,,2020,1
7.965557333333334,9.000020000000001,5.0,9.0,8.8,7.291666666666667,6.875,7.944443333333333,Ametista,0,,2020,1
,,,,,,,,<AUSENTE>,-1,,2020,0
,,,,,,,,<AUSENTE>,-1,,2020,1
6.19875,3.4999800000000003,5.0,8.0,9.4,7.8125,4.375,3.25001,Ágata,0,,2020,1
6.068611666666667,6.33335,5.0,3.0,8.1,6.041666666666667,5.0,8.05555,Quartzo,0,,2020,1
7.580834333333334,7.91667,10.0,7.0,6.3,8.749999999999998,6.875,7.833336666666668,Ametista,0,,2020,1
,,,,,,,,<AUSENTE>,-1,,2020,1
6.560557333333334,9.50002,5.0,4.0,8.4,5.416666666666666,5.0,7.944443333333333,Ágata,0,,2020,1
9.616671,9.000020000000001,10.0,10.0,10.0,10.0,7.5,9.833345,Topázio,1,,2020,0
,,,,,,,,<AUSENTE>,-1,,2020,0
7.741390666666668,9.000020000000001,10.0,4.5,9.7,7.291666666666667,7.5,7.61111,Ametista,0,,2020,0
,,,,,,,,<AUSENTE>,-1,,2020,1
6.487222666666668,10.00002,10.0,5.333333333333333,4.2,7.083333333333334,7.5,5.611103333333335,Ágata,0,,2020,0
5.227220000000001,7.5,5.0,6.666666666666667,3.4,6.249999999999999,2.5,5.444433333333334,Quartzo,0,,2020,1
,,,,,,,,<AUSENTE>,-1,,2020,1
,,,,,,,,<AUSENTE>,-1,,2020,1
,,,,,,,,<AUSENTE>,-1,,2020,1
6.147084,6.91668,5.0,7.5,7.1,2.8125,4.375,6.58333,Ágata,0,,2020,1
6.004582666666666,6.25001,10.0,4.333333333333333,6.7,7.1875,4.375,5.083325,Quartzo,0,,2020,1
6.906668,9.000020000000001,5.0,8.5,9.2,2.5,5.0,6.08333,Ágata,0,,2020,1
8.003890666666667,7.50002,10.0,10.0,6.7,7.083333333333334,7.5,7.277776666666666,Ametista,0,,2020,1
8.626253,9.50002,5.0,10.0,8.6,7.8125,8.75,9.000005,Topázio,1,,2020,0
8.600003000000001,9.000020000000001,10.0,9.5,10.0,7.5,7.5,6.500005,Topázio,0,,2020,1
7.811252000000001,8.000020000000001,10.0,8.5,8.4,5.3125,7.5,6.75,Ametista,0,,2020,1
7.201112666666667,8.500020000000001,5.0,7.5,8.2,6.666666666666667,5.0,7.722219999999999,Ágata,0,,2020,1
,,,,,,,,<AUSENTE>,-1,,2020,0
8.776947333333334,9.000020000000001,10.0,8.5,9.6,8.958333333333332,7.5,8.055560000000002,Topázio,0,,2020,1
,,,,,,,,<AUSENTE>,-1,,2020,1
5.8327085,7.91667,10.0,0.0,5.7,7.34375,7.5,7.0833325,Quartzo,0,,2020,0
,,,,,,,,<AUSENTE>,-1,,2020,1
7.377085000000001,9.000020000000001,5.0,9.0,8.5,4.6875,6.25,6.916665,Ametista,0,,2020,0
9.219448333333334,9.58335,5.0,9.333333333333334,10.0,9.166666666666666,10.0,9.8889,Topázio,1,,2020,1
7.728335333333334,9.000020000000001,5.0,9.0,7.1,7.916666666666668,7.5,7.833333333333333,Ametista,0,,2020,0
8.195835666666667,8.75001,5.0,8.0,7.5,9.166666666666666,9.375,9.33334,Ametista,1,,2020,1
7.561112,8.500020000000001,5.0,10.0,6.0,7.5,7.5,7.555549999999998,Ametista,0,,2020,1
7.709585000000001,9.000020000000001,10.0,4.5,9.6,7.8125,6.25,7.916665,Ametista,0,,2020,1
,,,,,,,,<AUSENTE>,-1,,2020,0
5.648752,8.000020000000001,5.0,1.25,7.9,4.6875,5.0,7.75,Quartzo,0,,2020,1
8.138752,9.000020000000001,5.0,9.0,9.6,7.1875,7.5,7.75,Ametista,0,,2020,1
7.730002000000001,8.500020000000001,10.0,9.5,9.9,2.5,7.5,5.0,Ametista,0,,2020,1
7.767919,10.00002,5.0,9.0,8.6,7.8125,5.0,7.333335,Ametista,0,,2020,1
,,,,,,,,<AUSENTE>,-1,,2020,1
6.893959333333333,6.25001,10.0,4.666666666666667,7.6,7.03125,5.625,7.75,Ágata,0,,2020,1
7.776669999999999,9.000020000000001,10.0,5.5,9.3,5.0,5.0,9.58334,Ametista,1,,2020,1
,,,,,,,,<AUSENTE>,-1,,2020,1
8.25,8.500020000000001,10.0,10.0,10.0,2.5,7.5,6.99999,Ametista,0,,2020,1
,,,,,,,,<AUSENTE>,-1,,2020,0
8.631250000000001,9.000020000000001,10.0,9.0,10.0,7.8125,7.5,6.99999,Topázio,0,,2020,1
7.008611666666667,7.08333,5.0,5.333333333333333,8.8,8.333333333333334,5.625,7.888893333333335,Ágata,0,,2020,1
6.966111333333335,9.000020000000001,10.0,4.5,6.9,7.916666666666668,7.5,6.222213333333333,Ágata,0,,2020,1
8.340419,8.500020000000001,5.0,9.5,9.9,8.4375,7.5,7.583335,Ametista,0,,2020,1
,,,,,,,,<AUSENTE>,-1,,2020,1
7.794168000000001,9.000020000000001,5.0,8.0,8.7,7.708333333333334,7.5,7.666663333333333,Ametista,0,,2020,1
8.004724,8.500020000000001,5.0,10.0,8.1,7.291666666666667,7.5,7.777776666666667,Ametista,0,,2020,1
,,,,,,,,<AUSENTE>,-1,,2020,1
8.431669,9.50002,10.0,9.0,8.2,7.5,6.25,8.333335,Ametista,0,,2020,0
6.066944666666666,5.83334,10.0,1.5,6.8,5.624999999999999,7.5,7.555553333333333,Quartzo,0,,2020,1
7.709168666666667,9.000020000000001,10.0,3.5,9.9,8.125,7.5,7.833333333333333,Ametista,0,,2020,0
,,,,,,,,<AUSENTE>,-1,,2020,1
5.660002,7.50002,5.0,4.0,7.3,2.5,5.0,7.0,Quartzo,0,,2020,1
,,,,,,,,<AUSENTE>,-1,,2020,1
6.730835000000001,9.000020000000001,10.0,7.0,3.3,6.875,5.0,7.916665,Ágata,0,,2020,1
,,,,,,,,<AUSENTE>,-1,,2020,0
,,,,,,,,<AUSENTE>,-1,,2020,1
,,,,,,,,<AUSENTE>,-1,,2020,1
7.851389666666667,7.91667,10.0,7.666666666666667,7.0,8.541666666666666,7.5,7.611113333333334,Ametista,0,,2020,0
7.044585,8.500020000000001,10.0,2.5,7.9,7.1875,8.125,7.916665,Ágata,0,,2020,0
,,,,,,,,<AUSENTE>,-1,,2020,0
8.070001999999999,8.500020000000001,10.0,6.5,9.6,7.5,7.5,7.5,Ametista,0,,2020,1
7.458336000000001,7.50002,5.0,6.0,9.0,8.541666666666668,6.875,8.333336666666668,Ametista,0,,2020,0
8.703753666666667,10.00002,10.0,8.333333333333334,7.3,8.4375,10.0,8.666675,Topázio,1,,2020,1
7.940418,8.000020000000001,5.0,10.0,9.4,7.8125,8.125,5.83333,Ametista,0,,2020,1
,,,,,,,,<AUSENTE>,-1,,2020,0
,,,,,,,,<AUSENTE>,-1,,2020,0
7.993333000000001,9.000020000000001,10.0,10.0,9.8,2.5,5.0,6.916655,Ametista,0,,2020,0
8.890836,9.000020000000001,10.0,9.0,9.1,8.541666666666666,7.5,8.833336666666666,Topázio,1,,2020,0
8.154376000000001,7.91667,10.0,8.0,9.1,7.96875,5.625,7.91667,Ametista,0,,2020,0
,,,,,,,,<AUSENTE>,-1,,2020,1
6.502500333333334,9.58335,10.0,5.333333333333333,3.7,8.541666666666666,7.5,5.666659999999999,Ágata,0,,2020,1
6.485277,7.91667,10.0,2.333333333333333,6.6,8.125,7.5,6.722216666666666,Ágata,0,,2020,0
7.735417,7.91667,10.0,8.0,7.5,8.4375,5.0,7.5,Ametista,0,,2020,0
6.240207333333333,5.41666,10.0,4.666666666666667,4.3,7.96875,7.5,6.791665,Ágata,0,,2020,1
7.436114000000001,9.000020000000001,10.0,4.25,7.5,7.916666666666666,7.5,8.222226666666666,Ametista,0,,2020,1
8.641250000000001,9.000020000000001,10.0,10.0,9.8,7.8125,7.5,6.24999,Topázio,0,,2020,0
,,,,,,,,<AUSENTE>,-1,,2020,1
6.824446333333334,8.75001,5.0,3.6666666666666665,7.4,8.749999999999998,7.5,8.055560000000002,Ágata,0,,2020,1
7.727224,7.916679999999999,5.0,7.666666666666667,9.9,7.291666666666667,4.375,8.77778,Ametista,1,,2020,1
,,,,,,,,<AUSENTE>,-1,,2020,0
7.854724666666667,9.000020000000001,5.0,9.5,5.6,8.958333333333334,7.5,8.944446666666664,Ametista,1,,2020,1
,,,,,,,,<AUSENTE>,-1,,2020,0
5.591389333333334,9.16668,5.0,1.6666666666666667,5.2,7.291666666666667,7.5,6.611106666666666,Quartzo,0,,2020,1
7.012085000000001,8.000020000000001,5.0,7.25,7.8,7.1875,5.0,7.416665,Ágata,0,,2020,1
,,,,,,,,<AUSENTE>,-1,,2020,0
6.995835000000001,8.500020000000001,5.0,4.5,8.0,8.125,7.5,7.916665,Ágata,0,,2020,1
,,,,,,,,<AUSENTE>,-1,,2020,1
5.065416,7.5,5.0,3.0,1.9,7.1875,7.5,6.83333,Quartzo,0,,2020,1
9.198059333333331,10.00002,10.0,8.666666666666666,8.9,9.791666666666666,7.5,9.777786666666666,Topázio,1,,2020,0
7.783335,9.000020000000001,5.0,10.0,8.5,8.125,4.375,7.166665,Ametista,0,,2020,1
8.118749000000001,6.83334,5.0,10.0,10.0,7.1875,7.5,7.333325,Ametista,0,,2020,1
8.281114,9.000020000000001,10.0,6.5,9.6,7.916666666666668,6.25,8.722226666666666,Ametista,1,,2020,1
8.615210166666667,9.16668,10.0,8.333333333333334,9.8,7.96875,7.5,7.6250025,Topázio,0,,2020,0
6.857223333333333,9.50002,5.0,6.5,6.8,6.875,4.375,8.111106666666666,Ágata,0,,2020,1
,,,,,,,,<AUSENTE>,-1,,2020,1
,,,,,,,,<AUSENTE>,-1,,2020,0
6.979172000000001,9.000020000000001,10.0,7.0,10.0,2.5,5.625,4.333349999999999,Ágata,0,,2020,1
,,,,,,,,<AUSENTE>,-1,,2020,0
8.091669,8.500020000000001,10.0,9.0,10.0,2.5,6.25,7.833335,Ametista,0,,2020,0
,,,,,,,,<AUSENTE>,-1,,2020,1
8.196669,8.000020000000001,10.0,9.0,7.4,7.5,7.5,8.083335,Ametista,0,,2020,1
,,,,,,,,<AUSENTE>,-1,,2020,1
8.388752,8.000020000000001,10.0,10.0,7.6,7.1875,7.5,8.0,Ametista,0,,2020,0
6.864723333333334,7.91668,5.0,3.75,9.4,7.916666666666668,5.625,7.944443333333333,Ágata,0,,2020,1
8.341669000000001,10.00002,10.0,7.0,9.5,6.25,7.5,8.333335,Ametista,0,,2020,1
,,,,,,,,<AUSENTE>,-1,,2020,0
8.332223666666668,7.08333,10.0,9.0,8.3,8.749999999999998,5.0,8.944453333333334,Ametista,1,,2020,0
,,,,,,,,<AUSENTE>,-1,,2020,0
8.450835333333334,9.000020000000001,5.0,9.5,9.4,7.916666666666668,8.125,8.333333333333334,Ametista,0,,2020,0
7.751390666666667,9.50002,5.0,9.5,8.0,6.875,6.25,7.444443333333333,Ametista,0,,2020,1
5.730206833333334,7.5,10.0,4.666666666666667,4.5,6.71875,3.75,5.4999925,Quartzo,0,,2020,1
6.381112000000001,8.000020000000001,10.0,3.5,6.1,6.666666666666667,7.5,6.222216666666667,Ágata,0,,2020,1
,,,,,,,,<AUSENTE>,-1,,2020,1
7.503891,7.91667,5.0,7.0,8.2,8.541666666666666,5.625,8.777786666666666,Ametista,1,,2020,1
6.508056333333332,9.58335,10.0,0.0,8.2,7.708333333333334,7.5,6.944439999999998,Ágata,0,,2020,0
9.098615,9.58335,10.0,7.0,10.0,8.958333333333332,10.0,9.222233333333334,Topázio,1,,2020,0
7.889583000000001,9.000020000000001,5.0,8.5,10.0,6.5625,7.5,6.916655,Ametista,0,,2020,1
,,,,,,,,<AUSENTE>,-1,,2020,1
,,,,,,,,<AUSENTE>,-1,,2020,1
5.032083,0.0,10.0,0.0,7.9,6.5625,3.125,7.416665,Quartzo,0,,2020,1
7.9133346666666675,8.33334,10.0,7.333333333333333,8.4,8.333333333333334,5.0,8.000003333333334,Ametista,0,,2020,0
7.487501000000001,9.000020000000001,10.0,10.0,10.0,2.5,4.375,4.499995,Ametista,0,,2020,1
,,,,,,,,<AUSENTE>,-1,,2020,1
,,,,,,,,<AUSENTE>,-1,,2020,0
7.432918,9.50002,5.0,7.0,8.3,7.1875,6.875,7.58333,Ametista,0,,2020,1
7.857501333333333,7.916679999999999,5.0,9.0,8.6,7.291666666666667,7.5,7.833333333333333,Ametista,0,,2020,0
8.186876333333334,9.16668,10.0,6.666666666666667,9.7,7.96875,7.5,7.25,Ametista,0,,2020,0
7.649999999999999,9.50002,5.0,9.0,10.0,2.5,7.5,6.99999,Ametista,0,,2020,1
7.356112666666667,9.000020000000001,5.0,8.0,7.6,7.083333333333334,7.5,6.888886666666665,Ametista,0,,2020,1
8.590003000000001,9.000020000000001,5.0,9.5,9.7,8.125,6.875,9.250005,Topázio,1,,2020,0
8.448612666666666,8.33334,5.0,8.666666666666666,10.0,8.541666666666666,7.5,8.888893333333332,Ametista,1,,2020,1
8.080835,9.58335,5.0,8.666666666666666,8.8,8.125,7.5,7.833333333333334,Ametista,0,,2020,1
8.345835333333333,9.50002,5.0,10.0,9.5,7.083333333333334,6.875,8.0,Ametista,0,,2020,1
,,,,,,,,<AUSENTE>,-1,,2020,1
8.558752,9.000020000000001,10.0,9.0,9.7,7.1875,7.5,7.25,Topázio,0,,2020,0
,,,,,,,,<AUSENTE>,-1,,2020,1
,,,,,,,,<AUSENTE>,-1,,2020,0
,,,,,,,,<AUSENTE>,-1,,2020,1
6.996391333333334,9.000020000000001,5.0,6.0,8.1,7.5,4.375,7.944446666666667,Ágata,0,,2020,0
7.506112,9.000020000000001,5.0,7.5,8.6,6.25,7.5,7.555549999999999,Ametista,0,,2020,1
7.706946333333334,8.75001,10.0,6.333333333333333,8.0,8.541666666666666,5.0,8.05556,Ametista,0,,2020,0
,,,,,,,,<AUSENTE>,-1,,2020,1
7.543335000000001,8.000020000000001,5.0,7.5,8.3,7.5,7.5,7.916665,Ametista,0,,2020,1
,,,,,,,,<AUSENTE>,-1,,2020,1
,,,,,,,,<AUSENTE>,-1,,2020,1
,,,,,,,,<AUSENTE>,-1,,2020,0
8.71667,10.00002,10.0,8.5,10.0,7.5,7.5,7.58334,Topázio,0,,2020,0
7.633752,9.000020000000001,5.0,7.0,8.7,8.4375,7.5,7.5,Ametista,0,,2020,1
6.867500666666667,9.000020000000001,5.0,5.5,7.9,6.666666666666667,6.875,7.166659999999999,Ágata,0,,2020,0
7.698057333333334,9.50002,5.0,6.5,9.4,7.291666666666667,7.5,7.944443333333333,Ametista,0,,2020,1
,,,,,,,,<AUSENTE>,-1,,2020,1
7.812502,8.000020000000001,5.0,7.5,9.5,8.125,7.5,7.75,Ametista,0,,2020,0
,,,,,,,,<AUSENTE>,-1,,2020,1
7.716669,9.000020000000001,10.0,8.0,10.0,2.5,7.5,6.083335,Ametista,0,,2020,1
8.885835,9.000020000000001,10.0,10.0,9.2,8.125,7.5,7.916665,Topázio,0,,2020,0
7.9385425,9.58335,10.0,7.0,8.5,7.96875,7.5,6.6666625,Ametista,0,,2020,0
,,,,,,,,<AUSENTE>,-1,,2020,1
8.927781333333334,10.00002,5.0,7.666666666666667,10.0,9.166666666666666,10.0,9.888896666666668,Topázio,1,,2020,0
8.118335333333334,9.50002,10.0,7.0,8.8,7.916666666666668,7.5,7.333333333333333,Ametista,0,,2020,0
6.241251999999999,9.50002,5.0,2.0,6.3,7.8125,7.5,8.0,Ágata,0,,2020,1
4.328750666666667,9.58335,5.0,1.3333333333333333,0.8,7.8125,3.125,6.749995,Quartzo,0,,2020,1
6.5970838333333335,5.83334,5.0,7.666666666666667,8.1,7.1875,3.75,6.3333325,Ágata,0,,2020,1
,,,,,,,,<AUSENTE>,-1,,2020,1
8.5077105,7.91667,10.0,7.0,8.7,8.59375,7.5,9.8333425,Topázio,1,,2020,0
7.1305570000000005,8.75001,10.0,5.333333333333333,6.0,7.500000000000001,7.5,7.444446666666667,Ágata,0,,2020,0
7.287919,8.500020000000001,10.0,4.5,8.7,5.9375,4.375,8.833335,Ametista,1,,2020,0
7.400002000000001,9.000020000000001,10.0,9.0,10.0,2.5,5.0,4.75,Ametista,0,,2020,1
7.648612,9.50002,5.0,8.5,9.5,6.875,5.0,7.055549999999999,Ametista,0,,2020,1
8.537502,8.500020000000001,10.0,10.0,8.0,7.708333333333334,7.5,7.833333333333333,Topázio,0,,2020,1
8.372780333333333,9.58335,5.0,8.0,9.1,8.125,9.375,8.722226666666666,Ametista,1,,2020,1
8.231250000000001,9.000020000000001,5.0,9.5,10.0,7.8125,7.5,6.99999,Ametista,0,,2020,1
7.526252,8.000020000000001,5.0,7.5,9.1,7.8125,6.25,7.5,Ametista,0,,2020,0
8.427224,9.50002,5.0,10.0,9.4,7.916666666666668,7.5,7.777776666666667,Ametista,0,,2020,0
8.384169,9.58335,10.0,9.0,9.4,7.083333333333334,4.375,8.000003333333332,Ametista,0,,2020,1
,,,,,,,,<AUSENTE>,-1,,2020,1
7.745835,9.50002,5.0,7.25,10.0,6.875,6.25,7.666665,Ametista,0,,2020,1
5.510277666666668,9.58335,5.0,4.333333333333333,2.6,8.333333333333334,6.875,5.722213333333335,Quartzo,0,,2020,1
,,,,,,,,<AUSENTE>,-1,,2020,1
,,,,,,,,<AUSENTE>,-1,,2020,0
,,,,,,,,<AUSENTE>,-1,,2020,1
7.360557333333334,8.500020000000001,5.0,6.0,8.9,7.916666666666668,7.5,7.444443333333333,Ametista,0,,2020,1
7.0766670000000005,7.91667,5.0,6.0,8.8,7.083333333333334,7.5,6.833333333333333,Ágata,0,,2020,1
,,,,,,,,<AUSENTE>,-1,,2020,0
7.671946,7.416679999999999,5.0,7.5,9.2,7.291666666666667,7.5,8.055556666666668,Ametista,0,,2020,0
8.426390666666666,9.16668,5.0,8.0,9.5,8.749999999999998,8.125,9.111113333333334,Ametista,1,,2020,1
,,,,,,,,<AUSENTE>,-1,,2020,1
8.659168666666668,9.50002,10.0,10.0,9.4,7.916666666666668,4.375,8.0,Topázio,0,,2020,0
,,,,,,,,<AUSENTE>,-1,,2020,1
8.032502000000001,9.50002,5.0,9.0,8.1,8.125,7.5,8.0,Ametista,0,,2020,1
7.073614000000001,9.000020000000001,5.0,3.5,9.0,8.749999999999998,6.875,8.055560000000002,Ágata,0,,2020,0
,,,,,,,,<AUSENTE>,-1,,2020,1
,,,,,,,,<AUSENTE>,-1,,2020,1
,,,,,,,,<AUSENTE>,-1,,2020,1
8.116390666666666,9.50002,10.0,10.0,6.2,6.875,7.5,7.444443333333333,Ametista,0,,2020,1
,,,,,,,,<AUSENTE>,-1,,2020,1
7.789724,9.000020000000001,10.0,5.5,9.9,8.125,3.75,8.11111,Ametista,0,,2020,0
5.311390666666667,9.50002,5.0,0.0,4.3,7.291666666666667,7.5,7.61111,Quartzo,0,,2020,1
7.000417666666667,9.16668,10.0,6.333333333333333,4.2,8.4375,7.5,6.916665,Ágata,0,,2020,1
,,,,,,,,<AUSENTE>,-1,,2020,0
7.886668666666667,9.50002,5.0,7.0,9.6,8.333333333333334,7.5,7.666666666666667,Ametista,0,,2020,1
6.7994460000000005,9.000020000000001,10.0,2.5,7.9,7.5,6.25,7.22222,Ágata,0,,2020,0
7.5256255,7.08333,10.0,6.0,8.3,8.28125,4.375,8.458337499999999,Ametista,0,,2020,0
8.677223999999999,9.50002,10.0,9.0,9.4,7.708333333333334,6.875,7.944443333333333,Topázio,0,,2020,1
,,,,,,,,<AUSENTE>,-1,,2020,1
7.736390666666667,9.000020000000001,10.0,6.0,7.3,7.708333333333334,7.5,8.277776666666668,Ametista,0,,2020,0
8.982502,9.000020000000001,10.0,9.0,9.6,8.125,10.0,7.75,Topázio,0,,2020,0
7.004444666666667,8.33334,10.0,7.333333333333333,5.8,6.875,3.125,7.72222,Ágata,0,,2020,0
,,,,,,,,<AUSENTE>,-1,,2020,0
8.114724,9.16668,5.0,8.333333333333334,9.4,8.125,7.5,7.944446666666668,Ametista,0,,2020,1
7.675002000000001,9.000020000000001,10.0,9.0,10.0,2.5,6.25,5.5,Ametista,0,,2020,1
7.526669333333331,9.50002,10.0,4.0,8.3,8.333333333333332,7.5,7.666670000000001,Ametista,0,,2020,1
,,,,,,,,<AUSENTE>,-1,,2020,0
8.582085,9.000020000000001,10.0,10.0,9.9,7.1875,5.0,7.416665,Topázio,0,,2020,1
,,,,,,,,<AUSENTE>,-1,,2020,1
6.964446,8.000020000000001,5.0,5.0,8.6,7.5,7.5,7.222219999999999,Ágata,0,,2020,1
8.052502,9.16668,10.0,6.666666666666667,7.2,8.125,7.5,9.000003333333332,Ametista,1,,2020,0
7.433890666666667,8.500020000000001,5.0,6.0,9.6,7.916666666666668,7.5,7.11111,Ametista,0,,2020,1
8.473890666666668,9.000020000000001,10.0,8.5,8.8,7.083333333333333,7.5,8.277776666666666,Ametista,0,,2020,0
8.780002,10.00002,10.0,9.0,9.9,7.5,7.5,7.5,Topázio,0,,2020,0
,,,,,,,,<AUSENTE>,-1,,2020,1
,,,,,,,,<AUSENTE>,-1,,2020,0
8.069793166666667,8.75001,10.0,6.333333333333333,9.0,8.90625,4.375,9.0000025,Ametista,1,,2020,0
7.73389,9.50002,5.0,7.5,9.1,7.916666666666668,7.5,7.111106666666665,Ametista,0,,2020,1
8.352502999999999,9.50002,5.0,9.0,8.7,8.125,7.5,9.000005,Ametista,1,,2020,0
9.166669,9.000020000000001,10.0,10.0,10.0,7.5,7.5,8.833335,Topázio,1,,2020,0
,,,,,,,,<AUSENTE>,-1,,2020,1
7.751391333333333,8.000020000000001,10.0,5.5,8.5,8.125,7.5,7.944446666666668,Ametista,0,,2020,1
8.263334666666667,9.50002,5.0,10.0,9.4,7.5,7.5,7.166663333333332,Ametista,0,,2020,1
,,,,,,,,<AUSENTE>,-1,,2020,0
,,,,,,,,<AUSENTE>,-1,,2020,0
,,,,,,,,<AUSENTE>,-1,,2020,0
,,,,,,,,<AUSENTE>,-1,,2020,1
,,,,,,,,<AUSENTE>,-1,,2020,0
6.254445333333334,9.16668,10.0,3.6666666666666665,2.8,7.5,7.5,7.72222,Ágata,0,,2020,0
,,,,,,,,<AUSENTE>,-1,,2020,0
,,,,,,,,<AUSENTE>,-1,,2020,0
,,,,,,,,<AUSENTE>,-1,,2020,1
,,,,,,,,<AUSENTE>,-1,,2020,1
,,,,,,,,<AUSENTE>,-1,,2020,1
,,,,,,,,<AUSENTE>,-1,,2020,0
8.312502,8.500020000000001,5.0,9.5,10.0,8.125,7.5,7.5,Ametista,0,,2020,1
,,,,,,,,<AUSENTE>,-1,,2020,1
7.633334,8.500020000000001,5.0,9.5,10.0,5.0,7.5,5.66666,Ametista,0,,2020,1
,,,,,,,,<AUSENTE>,-1,,2020,1
8.193334333333334,8.75001,10.0,7.333333333333333,8.3,8.749999999999998,7.5,7.833333333333334,Ametista,0,,2020,0
,,,,,,,,<AUSENTE>,-1,,2020,1
8.796113333333334,9.16668,10.0,6.666666666666667,9.8,8.749999999999998,10.0,8.55556,Topázio,0,,2020,0
7.804168000000001,7.416679999999999,5.0,10.0,8.0,7.083333333333334,6.875,7.833333333333333,Ametista,0,,2020,1
,,,,,,,,<AUSENTE>,-1,,2020,1
8.308336,9.000020000000001,10.0,9.0,10.0,6.875,4.375,7.41667,Ametista,0,,2020,0
6.205209666666667,9.16668,5.0,3.333333333333333,5.5,7.96875,7.5,7.375,Ágata,0,,2020,1
,,,,,,,,<AUSENTE>,-1,,2020,1
7.635279333333334,7.50002,10.0,6.0,8.6,7.708333333333334,7.5,7.222219999999999,Ametista,0,,2020,1
8.900004,9.50002,5.0,8.5,10.0,10.0,7.5,10.00001,Topázio,1,,2020,1
6.611668,7.00002,5.0,8.0,4.6,7.083333333333333,7.5,7.166663333333332,Ágata,0,,2020,1
7.297778666666666,9.16668,5.0,5.333333333333333,9.1,8.333333333333332,7.5,7.055553333333334,Ametista,0,,2020,0
9.116669,10.00002,10.0,10.0,10.0,7.5,7.5,8.083335,Topázio,0,,2020,0
,,,,,,,,<AUSENTE>,-1,,2020,0
,,,,,,,,<AUSENTE>,-1,,2020,0
,,,,,,,,<AUSENTE>,-1,,2020,0
6.394585,7.91668,5.0,3.5,8.9,4.6875,4.375,8.583335,Ágata,0,,2020,1
,,,,,,,,<AUSENTE>,-1,,2020,1
7.648752,7.50002,5.0,7.5,9.4,7.1875,7.5,7.75,Ametista,0,,2020,1
,,,,,,,,<AUSENTE>,-1,,2020,1
7.852501999999999,9.50002,5.0,8.5,7.7,8.125,7.5,8.0,Ametista,0,,2020,0
6.8100005,7.91667,10.0,4.5,5.8,7.5,6.25,7.9166675,Ágata,0,,2020,0
,,,,,,,,<AUSENTE>,-1,,2020,0
,,,,,,,,<AUSENTE>,-1,,2020,1
,,,,,,,,<AUSENTE>,-1,,2020,0
8.541252,10.00002,10.0,9.0,8.8,7.8125,7.5,7.25,Topázio,0,,2020,0
,,,,,,,,<AUSENTE>,-1,,2020,0
8.266390000000001,8.33334,5.0,8.333333333333334,8.7,9.166666666666666,6.875,9.611113333333332,Ametista,1,,2020,1
,,,,,,,,<AUSENTE>,-1,,2020,1
,,,,,,,,<AUSENTE>,-1,,2020,1
7.356669999999999,8.000020000000001,5.0,6.5,8.2,5.0,7.5,9.33334,Ametista,1,,2020,0
8.229169833333334,9.16668,10.0,6.666666666666667,5.5,9.375,10.0,9.7083425,Ametista,1,,2020,1
8.035278666666667,9.000020000000001,10.0,8.0,9.1,7.708333333333334,5.0,7.222216666666665,Ametista,0,,2020,0
8.788613333333334,9.50002,10.0,9.0,9.7,8.333333333333334,6.875,7.888890000000001,Topázio,0,,2020,1
7.046043,9.58335,10.0,4.0,8.1,7.34375,6.25,6.541665,Ágata,0,,2020,1
7.131251333333334,7.5,5.0,6.166666666666667,8.0,7.8125,6.25,8.20834,Ágata,0,,2020,1
7.737918833333333,9.58335,10.0,7.666666666666667,7.2,7.8125,5.0,7.6250025,Ametista,0,,2020,1
7.492500666666666,6.91668,5.0,7.5,8.9,7.708333333333334,7.5,7.499996666666666,Ametista,0,,2020,1
,,,,,,,,<AUSENTE>,-1,,2020,1
6.9812520000000005,8.500020000000001,5.0,6.0,7.0,7.8125,7.5,7.5,Ágata,0,,2020,1
,,,,,,,,<AUSENTE>,-1,,2020,1
,,,,,,,,<AUSENTE>,-1,,2020,0
,,,,,,,,<AUSENTE>,-1,,2020,1
7.029166999999999,9.50002,5.0,9.0,10.0,2.5,5.625,4.833325,Ágata,0,,2020,1
8.673890666666669,9.50002,10.0,9.5,8.8,7.916666666666668,7.5,7.61111,Topázio,0,,2020,1
,,,,,,,,<AUSENTE>,-1,,2020,1
,,,,,,,,<AUSENTE>,-1,,2020,0
8.281250333333332,8.33334,10.0,8.666666666666666,9.0,7.8125,7.5,6.916665,Ametista,0,,2020,0
,,,,,,,,<AUSENTE>,-1,,2020,0
8.552224666666667,9.16668,5.0,9.333333333333334,9.9,8.125,6.875,8.944449999999998,Topázio,1,,2020,1
,,,,,,,,<AUSENTE>,-1,,2020,0
6.2183348333333335,10.00002,5.0,4.666666666666667,7.8,5.625,4.375,6.1249975,Ágata,0,,2020,1
,,,,,,,,<AUSENTE>,-1,,2020,1
8.080002,8.000020000000001,5.0,9.0,9.9,7.5,7.5,7.5,Ametista,0,,2020,1
5.6905573333333335,9.50002,5.0,4.0,6.3,6.25,5.0,5.277776666666666,Quartzo,0,,2020,1
7.627502,9.50002,10.0,4.5,8.7,8.125,6.25,8.0,Ametista,0,,2020,0
8.043751,7.916679999999999,5.0,10.0,8.5,7.1875,7.5,7.916665,Ametista,0,,2020,1
8.178752,8.000020000000001,10.0,9.0,8.3,7.1875,7.5,7.25,Ametista,0,,2020,1
8.925003,9.58335,10.0,8.333333333333334,9.5,8.749999999999998,6.25,9.500006666666668,Topázio,1,,2020,0
7.3906255,7.08333,10.0,5.0,7.0,8.28125,6.875,8.8333375,Ametista,1,,2020,0
5.367224,8.500020000000001,5.0,0.0,5.1,7.916666666666668,7.5,7.277776666666666,Quartzo,0,,2020,1
8.233335,8.75001,10.0,6.333333333333333,8.0,9.166666666666666,8.75,8.500003333333334,Ametista,0,,2020,1
7.745836000000001,9.000020000000001,5.0,10.0,10.0,2.5,5.625,7.66667,Ametista,0,,2020,1
,,,,,,,,<AUSENTE>,-1,,2020,0
,,,,,,,,<AUSENTE>,-1,,2020,1
8.100557333333333,8.500020000000001,10.0,8.0,9.6,6.875,6.875,6.777776666666665,Ametista,0,,2020,1
6.828125666666667,7.91667,10.0,3.333333333333333,9.5,7.65625,4.375,6.333335,Ágata,0,,2020,0
8.153752,8.500020000000001,10.0,7.0,8.8,8.4375,7.5,7.75,Ametista,0,,2020,0
,,,,,,,,<AUSENTE>,-1,,2020,0
7.820418166666667,8.75001,10.0,5.333333333333333,8.8,8.4375,6.25,8.2500025,Ametista,0,,2020,0
6.790556666666666,9.000020000000001,5.0,7.5,5.8,7.083333333333333,5.0,7.611106666666666,Ágata,0,,2020,1
,,,,,,,,<AUSENTE>,-1,,2020,1
,,,,,,,,<AUSENTE>,-1,,2020,0
,,,,,,,,<AUSENTE>,-1,,2020,0
8.962503,7.00002,10.0,10.0,9.5,8.125,7.5,9.000005,Topázio,1,,2020,0
,,,,,,,,<AUSENTE>,-1,,2020,0
,,,,,,,,<AUSENTE>,-1,,2020,0
,,,,,,,,<AUSENTE>,-1,,2020,0
,,,,,,,,<AUSENTE>,-1,,2020,1
,,,,,,,,<AUSENTE>,-1,,2020,1
8.700003,10.00002,5.0,10.0,9.5,7.5,7.5,9.000005,Topázio,1,,2020,1
8.443336,8.33334,10.0,8.0,8.8,9.375,4.375,9.37501,Ametista,1,,2020,1
7.974724666666667,8.33334,10.0,3.8333333333333335,9.7,8.958333333333332,7.5,8.944453333333334,Ametista,1,,2020,0
,,,,,,,,<AUSENTE>,-1,,2020,1
8.350558,8.500020000000001,5.0,9.5,8.6,8.75,7.5,8.77778,Ametista,1,,2020,1
8.129724666666666,9.50002,5.0,9.5,8.1,8.75,5.625,8.611113333333334,Ametista,0,,2020,1
7.600000666666666,6.91668,10.0,6.5,8.5,7.916666666666667,7.5,6.833329999999999,Ametista,0,,2020,0
7.917778666666665,9.50002,10.0,8.0,9.2,5.208333333333333,5.625,7.222216666666665,Ametista,0,,2020,1
7.567082333333333,6.24999,10.0,4.666666666666667,9.7,8.4375,7.5,7.375,Ametista,0,,2020,0
6.0041660000000014,0.0,5.0,7.0,7.0,6.666666666666666,4.375,7.999996666666666,Quartzo,0,,2020,1
6.008751,9.50002,5.0,0.0,8.2,7.1875,7.5,7.249995,Quartzo,0,,2020,1
,,,,,,,,<AUSENTE>,-1,,2020,0
,,,,,,,,<AUSENTE>,-1,,2020,0
6.985000666666667,7.916679999999999,5.0,5.5,8.3,7.5,7.5,7.166663333333332,Ágata,0,,2020,1
,,,,,,,,<AUSENTE>,-1,,2020,1
,,,,,,,,<AUSENTE>,-1,,2020,1
,,,,,,,,<AUSENTE>,-1,,2020,1
8.742502000000002,9.50002,10.0,9.5,8.9,8.125,7.5,7.75,Topázio,0,,2020,1
8.442778666666666,9.16668,10.0,7.666666666666667,9.2,8.541666666666666,6.875,8.055553333333332,Ametista,0,,2020,1
6.484720666666667,6.66666,10.0,3.333333333333333,5.0,8.125,7.5,7.94444,Ágata,0,,2020,1
7.613959833333333,9.16668,5.0,7.666666666666667,6.7,7.65625,10.0,7.7916675,Ametista,0,,2020,0
6.518752000000001,8.500020000000001,5.0,8.0,3.5,7.8125,6.875,7.0,Ágata,0,,2020,0
5.397779,7.91667,5.0,0.0,4.6,7.916666666666668,7.5,8.222226666666668,Quartzo,0,,2020,1
7.975835333333334,9.50002,5.0,9.0,8.9,7.291666666666667,7.5,7.333333333333333,Ametista,0,,2020,1
8.110557333333334,10.00002,5.0,9.5,8.4,7.916666666666668,7.5,7.444443333333333,Ametista,0,,2020,0
7.463612666666667,8.500020000000001,5.0,7.5,8.7,7.291666666666667,5.0,8.22222,Ametista,0,,2020,0
,,,,,,,,<AUSENTE>,-1,,2020,1
8.718752,10.00002,10.0,10.0,8.5,7.1875,7.5,7.75,Topázio,0,,2020,1
7.31667,9.000020000000001,5.0,10.0,10.0,2.5,7.5,4.58334,Ametista,0,,2020,1
,,,,,,,,<AUSENTE>,-1,,2020,0
8.61125,9.000020000000001,10.0,9.0,9.9,7.8125,7.5,6.99999,Topázio,0,,2020,0
,,,,,,,,<AUSENTE>,-1,,2020,0
7.16667,8.500020000000001,5.0,8.5,10.0,2.5,7.5,5.58334,Ágata,0,,2020,1
6.728749,0.0,10.0,6.0,7.8,7.1875,7.5,7.499995,Ágata,0,,2020,0
6.120001333333334,8.500020000000001,5.0,3.0,7.1,6.666666666666667,7.5,6.666663333333334,Ágata,0,,2020,1
8.949447333333334,10.00002,10.0,9.0,9.4,8.75,7.5,8.222226666666668,Topázio,0,,2020,0
6.846252000000001,8.500020000000001,5.0,5.75,8.7,5.9375,5.625,7.25,Ágata,0,,2020,1
8.546669,9.50002,10.0,9.0,9.9,7.5,7.5,6.583335,Topázio,0,,2020,1
7.819792333333333,7.91667,10.0,5.166666666666667,8.5,8.28125,7.5,8.583335,Ametista,0,,2020,0
,,,,,,,,<AUSENTE>,-1,,2020,1
,,,,,,,,<AUSENTE>,-1,,2020,0
4.3272233333333325,8.000020000000001,5.0,0.0,0.9,7.083333333333334,7.5,6.944439999999998,Quartzo,0,,2020,1
,,,,,,,,<AUSENTE>,-1,,2020,0
,,,,,,,,<AUSENTE>,-1,,2020,1
,,,,,,,,<AUSENTE>,-1,,2020,0
5.655001,8.000020000000001,5.0,4.5,6.9,3.75,5.0,5.999995,Quartzo,0,,2020,1
7.898334666666667,6.41668,5.0,10.0,9.2,7.291666666666667,6.875,7.5,Ametista,0,,2020,0
8.049168666666667,9.000020000000001,5.0,10.0,9.1,7.916666666666668,4.375,8.0,Ametista,0,,2020,0
8.000835333333335,9.000020000000001,5.0,10.0,7.9,7.708333333333334,7.5,7.5,Ametista,0,,2020,0
,,,,,,,,<AUSENTE>,-1,,2020,1
,,,,,,,,<AUSENTE>,-1,,2020,1
,,,,,,,,<AUSENTE>,-1,,2020,0
,,,,,,,,<AUSENTE>,-1,,2020,0
,,,,,,,,<AUSENTE>,-1,,2020,0
8.332502999999999,9.50002,5.0,9.5,8.1,8.125,7.5,9.000005,Ametista,1,,2020,0
5.841667000000001,8.000020000000001,10.0,0.0,8.0,6.25,5.0,6.583325,Quartzo,0,,2020,1
6.449445333333334,8.000020000000001,2.5,6.0,7.4,6.458333333333334,5.625,7.555549999999998,Ágata,0,,2020,1
,,,,,,,,<AUSENTE>,-1,,2020,1
7.842224333333333,7.91667,10.0,6.333333333333333,7.1,8.541666666666666,6.875,9.11112,Ametista,1,,2020,1
,,,,,,,,<AUSENTE>,-1,,2021,1
,,,,,,,,<AUSENTE>,-1,,2021,1
7.399,7.4,10.0,5.4,7.5,8.5,7.5,7.4,Ametista,0,2.0,2021,1
,,,,,,,,<AUSENTE>,-1,,2021,0
,,,,,,,,<AUSENTE>,-1,,2021,1
8.269,8.8,10.0,7.1,8.6,8.0,7.5,8.5,Topázio,0,5.0,2021,1
,,,,,,,,<AUSENTE>,-1,,2021,1
8.99,9.0,10.0,8.8,10.0,7.7,6.3,9.7,Topázio,1,1.0,2021,1
,,,,,,,,<AUSENTE>,-1,,2021,1
6.14,9.5,5.0,2.6,4.2,8.4,7.5,8.8,Ágata,0,1.0,2021,1
5.666,10.0,5.0,5.3,3.3,7.7,6.3,5.2,Ágata,0,4.0,2021,1
6.751,9.0,5.0,4.6,6.3,7.7,7.5,8.3,Ágata,0,2.0,2021,1
,,,,,,,,<AUSENTE>,-1,,2021,1
,,,,,,,,<AUSENTE>,-1,,2021,1
,,,,,,,,<AUSENTE>,-1,,2021,1
,,,,,,,,<AUSENTE>,-1,,2021,1
,,,,,,,,<AUSENTE>,-1,,2021,0
,,,,,,,,<AUSENTE>,-1,,2021,1
,,,,,,,,<AUSENTE>,-1,,2021,1
,,,,,,,,<AUSENTE>,-1,,2021,1
6.342,9.6,5.0,3.8,5.3,7.5,7.5,7.9,Ágata,0,3.0,2021,1
,,,,,,,,<AUSENTE>,-1,,2021,1
,,,,,,,,<AUSENTE>,-1,,2021,1
,,,,,,,,<AUSENTE>,-1,,2021,1
6.129,6.9,5.0,5.5,2.9,7.7,7.5,8.7,Ágata,0,2.0,2021,1
6.246,8.3,5.0,4.7,6.4,7.3,3.8,7.9,Ágata,0,3.0,2021,1
6.154,0.0,10.0,6.5,5.4,7.5,6.9,6.7,Ágata,0,2.0,2021,1
6.847,3.8,10.0,5.1,6.9,7.5,7.5,7.8,Ágata,0,3.0,2021,1
6.802,10.0,10.0,4.0,6.7,7.2,7.5,6.0,Ágata,0,0.0,2021,1
,,,,,,,,<AUSENTE>,-1,,2021,1
8.471,8.5,10.0,6.9,10.0,8.1,7.5,8.4,Topázio,0,0.0,2021,0
6.056,8.5,5.0,4.0,6.3,7.5,7.5,5.8,Ágata,0,1.0,2021,1
,,,,,,,,<AUSENTE>,-1,,2021,1
,,,,,,,,<AUSENTE>,-1,,2021,1
,,,,,,,,<AUSENTE>,-1,,2021,0
8.051,9.0,10.0,5.4,9.2,7.7,7.5,8.6,Ametista,0,1.0,2021,1
6.777,8.8,5.0,5.5,7.5,7.8,5.6,7.2,Ágata,0,6.0,2021,1
,,,,,,,,<AUSENTE>,-1,,2021,1
6.956,7.9,5.0,6.1,7.5,7.2,6.9,7.7,Ametista,0,6.0,2021,1
3.017,0.0,5.0,0.0,1.3,6.9,5.6,5.1,Quartzo,0,1.0,2021,1
,,,,,,,,<AUSENTE>,-1,,2021,1
,,,,,,,,<AUSENTE>,-1,,2021,1
8.438,10.0,5.0,6.9,10.0,8.1,7.5,10.0,Topázio,1,0.0,2021,1
6.875,8.0,5.0,5.9,6.3,8.5,7.5,7.7,Ágata,0,2.0,2021,0
4.939,7.4,5.0,1.1,3.3,8.3,7.5,6.1,Quartzo,0,1.0,2021,1
,,,,,,,,<AUSENTE>,-1,,2021,1
,,,,,,,,<AUSENTE>,-1,,2021,0
,,,,,,,,<AUSENTE>,-1,,2021,1
,,,,,,,,<AUSENTE>,-1,,2021,1
,,,,,,,,<AUSENTE>,-1,,2021,1
9.108,10.0,10.0,8.5,9.2,8.8,7.5,9.7,Topázio,1,4.0,2021,0
8.869,10.0,10.0,7.6,10.0,7.5,7.5,9.2,Topázio,1,1.0,2021,0
7.854,9.5,5.0,6.4,10.0,7.5,7.5,8.1,Ametista,0,0.0,2021,1
6.339,8.9,5.0,2.6,9.2,7.3,7.5,5.6,Ágata,0,1.0,2021,1
,,,,,,,,<AUSENTE>,-1,,2021,0
,,,,,,,,<AUSENTE>,-1,,2021,1
6.188,6.3,5.0,6.5,5.8,8.1,2.5,7.7,Ágata,0,5.0,2021,1
5.987,6.7,10.0,3.0,6.4,7.3,3.8,6.7,Ágata,0,5.0,2021,1
7.867,3.5,10.0,6.8,10.0,7.5,7.5,8.3,Ametista,0,1.0,2021,1
6.652,9.5,5.0,6.9,6.7,4.7,6.3,7.0,Ágata,0,0.0,2021,1
8.004,7.9,10.0,7.8,7.8,8.1,7.5,7.7,Ametista,0,5.0,2021,1
8.096,9.5,5.0,7.4,9.6,8.1,6.3,9.1,Ametista,1,2.0,2021,0
5.994,7.1,5.0,4.6,5.0,7.2,7.5,7.0,Ágata,0,4.0,2021,1
4.2,9.5,10.0,2.2,0.0,5.6,7.5,2.5,Quartzo,0,2.0,2021,1
,,,,,,,,<AUSENTE>,-1,,2021,1
6.317,8.0,5.0,5.8,5.8,7.5,7.5,6.0,Ágata,0,2.0,2021,0
6.953,9.2,5.0,6.3,6.4,7.5,7.5,7.5,Ametista,0,3.0,2021,1
,,,,,,,,<AUSENTE>,-1,,2021,1
3.117,8.5,5.0,0.0,0.0,6.3,3.8,3.8,Quartzo,0,1.0,2021,1
,,,,,,,,<AUSENTE>,-1,,2021,0
6.704,6.3,5.0,4.8,7.5,7.9,7.5,7.8,Ágata,0,1.0,2021,1
8.076,9.5,10.0,6.2,8.8,7.9,6.3,8.6,Ametista,0,1.0,2021,1
8.01,9.0,10.0,6.4,10.0,7.2,7.5,6.8,Ametista,0,0.0,2021,1
,,,,,,,,<AUSENTE>,-1,,2021,1
,,,,,,,,<AUSENTE>,-1,,2021,1
,,,,,,,,<AUSENTE>,-1,,2021,1
6.664,9.5,5.0,4.6,7.1,8.1,7.5,6.6,Ágata,0,2.0,2021,0
,,,,,,,,<AUSENTE>,-1,,2021,1
,,,,,,,,<AUSENTE>,-1,,2021,0
8.299,8.5,10.0,6.9,9.6,7.5,7.5,8.2,Topázio,0,1.0,2021,1
,,,,,,,,<AUSENTE>,-1,,2021,0
,,,,,,,,<AUSENTE>,-1,,2021,1
,,,,,,,,<AUSENTE>,-1,,2021,0
,,,,,,,,<AUSENTE>,-1,,2021,0
8.275,9.0,10.0,6.1,8.3,8.1,7.5,9.7,Topázio,1,0.0,2021,0
6.069,9.0,5.0,4.5,4.2,7.2,7.5,7.3,Ágata,0,0.0,2021,1
6.907,10.0,5.0,5.6,7.1,7.5,7.5,6.9,Ametista,0,1.0,2021,1
5.229,7.9,5.0,4.0,6.7,2.5,4.4,5.6,Quartzo,0,0.0,2021,1
5.819,7.4,10.0,4.6,4.2,7.2,7.5,4.3,Ágata,0,2.0,2021,1
,,,,,,,,<AUSENTE>,-1,,2021,1
,,,,,,,,<AUSENTE>,-1,,2021,0
7.99,9.5,5.0,7.1,9.6,7.7,7.5,8.4,Ametista,0,1.0,2021,1
,,,,,,,,<AUSENTE>,-1,,2021,1
5.788,9.5,5.0,3.6,4.2,6.9,6.3,7.3,Ágata,0,1.0,2021,1
,,,,,,,,<AUSENTE>,-1,,2021,1
,,,,,,,,<AUSENTE>,-1,,2021,1
,,,,,,,,<AUSENTE>,-1,,2021,0
,,,,,,,,<AUSENTE>,-1,,2021,1
6.278,7.9,10.0,4.3,4.4,7.5,6.3,6.8,Ágata,0,3.0,2021,1
,,,,,,,,<AUSENTE>,-1,,2021,1
,,,,,,,,<AUSENTE>,-1,,2021,1
,,,,,,,,<AUSENTE>,-1,,2021,1
9.004,9.5,5.0,9.1,9.6,10.0,8.1,10.0,Topázio,1,2.0,2021,0
8.672,8.8,10.0,8.0,8.3,8.3,7.5,9.8,Topázio,1,3.0,2021,0
8.355,10.0,10.0,7.5,7.5,8.0,7.5,9.0,Topázio,1,4.0,2021,0
5.163,9.5,5.0,1.5,2.9,8.1,7.5,6.3,Quartzo,0,1.0,2021,1
7.981,7.5,10.0,7.3,7.8,8.3,6.3,8.8,Ametista,0,3.0,2021,0
6.056,8.3,5.0,4.5,6.1,6.9,6.9,6.1,Ágata,0,4.0,2021,1
8.025,9.0,5.0,6.1,10.0,8.1,7.5,9.3,Ametista,1,0.0,2021,1
7.125,9.5,10.0,5.9,5.8,7.5,7.5,6.7,Ametista,0,2.0,2021,1
7.579,10.0,5.0,7.3,7.5,8.3,7.5,7.7,Ametista,0,1.0,2021,1
,,,,,,,,<AUSENTE>,-1,,2021,1
7.639,10.0,5.0,5.8,9.2,7.5,7.5,8.3,Ametista,0,1.0,2021,0
3.524,0.0,5.0,2.5,1.7,7.5,5.6,4.4,Quartzo,0,2.0,2021,1
6.898,8.5,5.0,6.1,10.0,5.3,4.4,6.8,Ametista,0,0.0,2021,1
,,,,,,,,<AUSENTE>,-1,,2021,1
8.036,8.8,5.0,7.5,8.9,8.3,7.5,9.0,Ametista,1,3.0,2021,1
,,,,,,,,<AUSENTE>,-1,,2021,1
,,,,,,,,<AUSENTE>,-1,,2021,0
5.674,7.5,5.0,4.3,6.3,6.7,5.0,5.7,Ágata,0,2.0,2021,1
7.196,9.0,10.0,4.6,8.3,6.9,7.5,6.3,Ametista,0,0.0,2021,1
,,,,,,,,<AUSENTE>,-1,,2021,1
,,,,,,,,<AUSENTE>,-1,,2021,1
,,,,,,,,<AUSENTE>,-1,,2021,1
,,,,,,,,<AUSENTE>,-1,,2021,1
,,,,,,,,<AUSENTE>,-1,,2021,1
7.906,8.0,10.0,5.4,10.0,7.2,7.5,7.8,Ametista,0,0.0,2021,1
,,,,,,,,<AUSENTE>,-1,,2021,1
,,,,,,,,<AUSENTE>,-1,,2021,1
8.215,9.2,5.0,7.7,10.0,7.9,5.6,9.6,Ametista,1,3.0,2021,1
,,,,,,,,<AUSENTE>,-1,,2021,1
,,,,,,,,<AUSENTE>,-1,,2021,1
7.751,8.3,10.0,6.0,7.2,8.1,7.5,8.6,Ametista,0,3.0,2021,0
4.788,7.5,10.0,3.3,1.7,6.7,6.9,3.5,Quartzo,0,4.0,2021,1
5.636,5.8,5.0,6.4,5.6,8.3,0.0,6.7,Ágata,0,4.0,2021,1
,,,,,,,,<AUSENTE>,-1,,2021,0
,,,,,,,,<AUSENTE>,-1,,2021,1
,,,,,,,,<AUSENTE>,-1,,2021,1
5.504,8.3,5.0,5.3,3.9,7.5,6.9,4.4,Quartzo,0,3.0,2021,1
,,,,,,,,<AUSENTE>,-1,,2021,1
5.663,9.5,5.0,4.3,8.3,2.5,5.0,4.7,Ágata,0,0.0,2021,1
,,,,,,,,<AUSENTE>,-1,,2021,1
7.765,8.5,5.0,7.1,8.8,8.1,7.5,8.4,Ametista,0,1.0,2021,0
8.821,9.5,10.0,6.9,10.0,8.1,7.5,9.7,Topázio,1,0.0,2021,0
4.176,0.0,5.0,1.9,4.2,8.1,6.9,4.8,Quartzo,0,2.0,2021,1
,,,,,,,,<AUSENTE>,-1,,2021,1
4.442,9.2,5.0,1.8,2.8,5.8,7.5,3.9,Quartzo,0,3.0,2021,1
,,,,,,,,<AUSENTE>,-1,,2021,1
7.138,8.3,10.0,6.0,6.7,7.5,6.9,6.7,Ametista,0,5.0,2021,1
,,,,,,,,<AUSENTE>,-1,,2021,1
5.054,8.5,5.0,4.0,0.0,6.9,7.5,7.3,Quartzo,0,0.0,2021,1
7.331,8.3,5.0,6.7,7.2,8.3,7.5,8.2,Ametista,0,5.0,2021,1
,,,,,,,,<AUSENTE>,-1,,2021,1
,,,,,,,,<AUSENTE>,-1,,2021,1
7.544,9.2,10.0,6.6,6.9,7.3,5.6,8.1,Ametista,0,3.0,2021,0
,,,,,,,,<AUSENTE>,-1,,2021,1
,,,,,,,,<AUSENTE>,-1,,2021,1
,,,,,,,,<AUSENTE>,-1,,2021,1
2.86,7.9,5.0,0.0,0.4,4.1,5.6,2.6,Quartzo,0,2.0,2021,1
5.833,8.5,5.0,2.9,5.4,7.1,7.5,6.8,Ágata,0,2.0,2021,1
,,,,,,,,<AUSENTE>,-1,,2021,1
,,,,,,,,<AUSENTE>,-1,,2021,1
7.013,9.0,5.0,4.6,8.8,8.5,5.6,7.7,Ametista,0,1.0,2021,1
8.013,10.0,5.0,6.8,8.3,8.1,7.5,9.7,Ametista,1,0.0,2021,1
,,,,,,,,<AUSENTE>,-1,,2021,1
,,,,,,,,<AUSENTE>,-1,,2021,1
7.976,9.0,10.0,7.3,6.7,8.5,7.5,8.4,Ametista,0,2.0,2021,0
7.473,10.0,5.0,5.9,10.0,7.2,7.5,6.6,Ametista,0,0.0,2021,1
,,,,,,,,<AUSENTE>,-1,,2021,1
,,,,,,,,<AUSENTE>,-1,,2021,1
,,,,,,,,<AUSENTE>,-1,,2021,1
,,,,,,,,<AUSENTE>,-1,,2021,0
,,,,,,,,<AUSENTE>,-1,,2021,1
6.283,7.8,5.0,5.3,10.0,2.5,7.5,4.8,Ágata,0,0.0,2021,1
6.75,9.5,5.0,4.5,6.7,7.5,7.5,7.8,Ágata,0,0.0,2021,1
7.903,9.2,10.0,7.7,6.9,7.8,7.5,7.7,Ametista,0,6.0,2021,0
7.694,7.9,10.0,6.5,7.8,8.0,7.5,7.5,Ametista,0,6.0,2021,0
,,,,,,,,<AUSENTE>,-1,,2021,1
7.892,9.0,10.0,6.8,8.3,7.5,6.3,8.0,Ametista,0,2.0,2021,0
8.014,9.2,5.0,8.2,8.9,8.3,6.3,8.6,Ametista,0,4.0,2021,1
,,,,,,,,<AUSENTE>,-1,,2021,1
,,,,,,,,<AUSENTE>,-1,,2021,0
4.125,9.5,5.0,0.0,2.1,6.3,7.5,4.4,Quartzo,0,1.0,2021,1
5.815,8.8,5.0,3.4,5.8,6.9,6.3,6.4,Ágata,0,3.0,2021,1
,,,,,,,,<AUSENTE>,-1,,2021,1
8.183,9.5,5.0,7.8,10.0,8.5,7.5,7.8,Ametista,0,1.0,2021,1
,,,,,,,,<AUSENTE>,-1,,2021,1
,,,,,,,,<AUSENTE>,-1,,2021,1
8.544,9.2,5.0,8.8,9.7,8.8,7.5,9.0,Topázio,1,5.0,2021,1
8.531,8.8,5.0,8.7,9.4,8.8,7.5,9.5,Topázio,1,5.0,2021,1
8.088,8.3,10.0,7.7,7.5,7.3,7.5,8.7,Ametista,0,3.0,2021,0
,,,,,,,,<AUSENTE>,-1,,2021,1
,,,,,,,,<AUSENTE>,-1,,2021,0
,,,,,,,,<AUSENTE>,-1,,2021,1
,,,,,,,,<AUSENTE>,-1,,2021,1
3.08,0.0,10.0,0.0,3.9,5.9,0.0,3.5,Quartzo,0,5.0,2021,1
8.994,9.5,10.0,7.3,10.0,8.4,7.5,10.0,Topázio,1,0.0,2021,1
6.771,9.0,5.0,6.9,7.1,7.5,7.5,5.3,Ágata,0,1.0,2021,0
7.221,9.5,10.0,3.6,7.9,7.3,7.5,7.4,Ametista,0,2.0,2021,1
,,,,,,,,<AUSENTE>,-1,,2021,1
8.289,9.0,10.0,6.3,9.2,8.5,7.5,8.4,Topázio,0,2.0,2021,0
,,,,,,,,<AUSENTE>,-1,,2021,1
,,,,,,,,<AUSENTE>,-1,,2021,1
7.315,7.9,5.0,7.5,7.8,7.5,5.6,8.3,Ametista,0,3.0,2021,1
,,,,,,,,<AUSENTE>,-1,,2021,0
,,,,,,,,<AUSENTE>,-1,,2021,1
,,,,,,,,<AUSENTE>,-1,,2021,1
7.946,9.0,5.0,7.8,9.6,8.8,4.4,8.8,Ametista,0,2.0,2021,0
7.375,9.5,5.0,6.3,8.3,8.1,5.0,8.4,Ametista,0,0.0,2021,1
,,,,,,,,<AUSENTE>,-1,,2021,1
,,,,,,,,<AUSENTE>,-1,,2021,0
,,,,,,,,<AUSENTE>,-1,,2021,1
,,,,,,,,<AUSENTE>,-1,,2021,0
,,,,,,,,<AUSENTE>,-1,,2021,1
4.976,7.4,5.0,3.3,7.1,3.8,4.4,4.3,Quartzo,0,1.0,2021,1
,,,,,,,,<AUSENTE>,-1,,2021,1
,,,,,,,,<AUSENTE>,-1,,2021,1
,,,,,,,,<AUSENTE>,-1,,2021,1
,,,,,,,,<AUSENTE>,-1,,2021,0
8.923,9.0,10.0,7.3,10.0,8.4,7.5,9.8,Topázio,1,0.0,2021,0
8.342,9.0,5.0,7.4,9.6,8.3,7.5,9.8,Topázio,1,1.0,2021,0
,,,,,,,,<AUSENTE>,-1,,2021,1
,,,,,,,,<AUSENTE>,-1,,2021,1
7.533,9.0,5.0,6.9,10.0,7.5,6.3,6.9,Ametista,0,0.0,2021,1
7.661,7.5,5.0,7.3,8.1,8.8,7.5,8.5,Ametista,0,5.0,2021,1
7.8,8.8,5.0,7.0,8.1,8.3,7.5,9.1,Ametista,1,3.0,2021,1
7.392,8.5,5.0,7.6,6.7,7.5,7.5,8.4,Ametista,0,2.0,2021,0
6.764,9.5,10.0,4.2,5.0,7.7,7.5,7.3,Ágata,0,1.0,2021,1
,,,,,,,,<AUSENTE>,-1,,2021,1
7.558,10.0,5.0,6.4,8.8,7.7,7.5,7.5,Ametista,0,1.0,2021,1
,,,,,,,,<AUSENTE>,-1,,2021,1
,,,,,,,,<AUSENTE>,-1,,2021,0
5.783,7.5,10.0,3.5,3.6,7.2,7.5,5.7,Ágata,0,4.0,2021,1
,,,,,,,,<AUSENTE>,-1,,2021,1
6.854,8.3,10.0,5.9,5.3,7.3,7.5,6.6,Ágata,0,3.0,2021,1
,,,,,,,,<AUSENTE>,-1,,2021,1
7.326,8.0,5.0,8.0,5.0,8.5,7.5,9.1,Ametista,1,2.0,2021,0
,,,,,,,,<AUSENTE>,-1,,2021,0
,,,,,,,,<AUSENTE>,-1,,2021,0
8.231,10.0,10.0,6.5,8.3,7.8,7.5,8.7,Ametista,0,0.0,2021,1
6.306,0.0,10.0,4.7,7.5,7.1,4.4,8.6,Ágata,0,2.0,2021,0
7.376,9.2,10.0,6.5,6.9,6.9,5.0,7.9,Ametista,0,6.0,2021,0
,,,,,,,,<AUSENTE>,-1,,2021,1
,,,,,,,,<AUSENTE>,-1,,2021,1
8.196,7.9,5.0,9.1,8.9,9.0,6.3,8.9,Ametista,0,3.0,2021,1
4.712,9.2,5.0,1.5,4.4,7.2,5.6,4.2,Quartzo,0,4.0,2021,1
8.858,9.5,10.0,8.1,10.0,7.5,7.5,8.9,Topázio,0,2.0,2021,0
7.11,8.8,10.0,4.2,7.5,7.5,5.6,7.9,Ametista,0,3.0,2021,0
7.441,6.7,10.0,7.7,7.8,7.8,4.4,7.3,Ametista,0,6.0,2021,0
7.052,9.5,5.0,6.1,8.3,7.8,6.3,6.6,Ametista,0,0.0,2021,1
,,,,,,,,<AUSENTE>,-1,,2021,1
6.19,7.9,5.0,6.6,5.8,7.3,5.0,5.9,Ágata,0,3.0,2021,1
6.007,9.5,5.0,3.8,3.8,7.5,7.5,7.7,Ágata,0,2.0,2021,1
,,,,,,,,<AUSENTE>,-1,,2021,1
,,,,,,,,<AUSENTE>,-1,,2021,1
6.053,7.1,5.0,5.2,5.3,7.2,6.9,6.7,Ágata,0,4.0,2021,1
,,,,,,,,<AUSENTE>,-1,,2021,1
7.593,7.9,5.0,7.2,8.1,7.7,7.5,8.7,Ametista,0,5.0,2021,1
,,,,,,,,<AUSENTE>,-1,,2021,1
,,,,,,,,<AUSENTE>,-1,,2021,1
7.878,9.2,10.0,6.4,7.2,7.9,7.5,8.5,Ametista,0,3.0,2021,0
8.499,8.8,10.0,7.4,9.2,8.9,7.5,8.3,Topázio,0,4.0,2021,0
7.767,8.5,10.0,6.0,8.3,7.5,7.5,7.8,Ametista,0,0.0,2021,0
6.868,9.0,5.0,6.4,8.3,7.5,6.9,5.4,Ágata,0,1.0,2021,1
8.475,8.3,10.0,6.6,8.9,9.2,7.5,9.4,Topázio,1,4.0,2021,0
,,,,,,,,<AUSENTE>,-1,,2021,1
,,,,,,,,<AUSENTE>,-1,,2021,1
,,,,,,,,<AUSENTE>,-1,,2021,1
,,,,,,,,<AUSENTE>,-1,,2021,0
,,,,,,,,<AUSENTE>,-1,,2021,1
,,,,,,,,<AUSENTE>,-1,,2021,1
7.349,9.0,5.0,6.9,8.8,7.3,4.4,8.2,Ametista,0,2.0,2021,1
,,,,,,,,<AUSENTE>,-1,,2021,0
,,,,,,,,<AUSENTE>,-1,,2021,1
,,,,,,,,<AUSENTE>,-1,,2021,1
,,,,,,,,<AUSENTE>,-1,,2021,1
6.624,9.2,5.0,5.8,5.8,7.7,7.5,6.9,Ágata,0,4.0,2021,1
7.965,9.0,5.0,7.2,10.0,8.4,7.5,7.7,Ametista,0,0.0,2021,1
5.99,9.0,5.0,4.5,5.0,7.3,7.5,6.1,Ágata,0,2.0,2021,1
6.642,9.2,5.0,5.5,6.4,7.1,7.5,6.9,Ágata,0,3.0,2021,1
,,,,,,,,<AUSENTE>,-1,,2021,1
,,,,,,,,<AUSENTE>,-1,,2021,1
,,,,,,,,<AUSENTE>,-1,,2021,1
,,,,,,,,<AUSENTE>,-1,,2021,1
4.946,9.0,5.0,2.6,6.7,2.5,5.0,4.8,Quartzo,0,0.0,2021,1
,,,,,,,,<AUSENTE>,-1,,2021,0
,,,,,,,,<AUSENTE>,-1,,2021,1
7.743,9.5,5.0,6.3,8.8,8.5,7.5,8.4,Ametista,0,2.0,2021,1
6.482,8.5,10.0,4.0,5.0,7.7,7.5,6.6,Ágata,0,2.0,2021,1
5.756,9.2,5.0,2.8,5.3,7.5,7.5,6.1,Ágata,0,5.0,2021,1
7.571,9.0,5.0,7.8,7.9,8.1,6.3,8.0,Ametista,0,2.0,2021,0
6.469,9.5,5.0,5.1,4.2,8.1,7.5,8.1,Ágata,0,1.0,2021,1
,,,,,,,,<AUSENTE>,-1,,2021,1
7.69,9.5,5.0,6.4,9.6,7.9,5.0,8.7,Ametista,0,1.0,2021,1
7.85,9.2,10.0,6.3,7.8,7.5,7.5,8.1,Ametista,0,3.0,2021,1
7.653,8.5,10.0,4.9,7.5,8.5,7.5,8.6,Ametista,0,2.0,2021,0
7.196,7.1,5.0,6.3,7.5,8.1,7.5,8.3,Ametista,0,5.0,2021,1
7.118,7.0,5.0,4.8,8.8,8.1,7.5,8.3,Ametista,0,1.0,2021,1
,,,,,,,,<AUSENTE>,-1,,2021,1
7.154,8.5,10.0,4.9,7.1,7.3,7.5,7.2,Ametista,0,2.0,2021,0
,,,,,,,,<AUSENTE>,-1,,2021,1
,,,,,,,,<AUSENTE>,-1,,2021,1
8.292,9.6,10.0,7.0,8.3,8.8,7.5,8.2,Topázio,0,4.0,2021,0
8.123,8.5,5.0,7.6,10.0,7.8,7.5,8.6,Ametista,0,0.0,2021,1
6.759,6.3,10.0,6.4,6.7,7.3,7.5,5.2,Ágata,0,4.0,2021,0
,,,,,,,,<AUSENTE>,-1,,2021,1
,,,,,,,,<AUSENTE>,-1,,2021,1
7.215,9.0,10.0,4.6,7.5,7.1,7.5,7.2,Ametista,0,2.0,2021,1
,,,,,,,,<AUSENTE>,-1,,2021,1
5.185,0.0,5.0,4.3,5.8,7.3,7.5,5.9,Quartzo,0,2.0,2021,1
,,,,,,,,<AUSENTE>,-1,,2021,1
,,,,,,,,<AUSENTE>,-1,,2021,1
,,,,,,,,<AUSENTE>,-1,,2021,1
9.021,10.0,5.0,9.1,10.0,9.8,7.5,9.8,Topázio,1,2.0,2021,1
7.644,9.5,5.0,8.1,8.3,7.9,5.0,8.1,Ametista,0,2.0,2021,0
5.511,0.0,5.0,6.0,6.3,6.7,7.5,5.7,Quartzo,0,2.0,2021,1
,,,,,,,,<AUSENTE>,-1,,2021,1
7.044,8.8,5.0,6.5,7.8,7.3,6.9,7.0,Ametista,0,4.0,2021,1
,,,,,,,,<AUSENTE>,-1,,2021,1
,,,,,,,,<AUSENTE>,-1,,2021,1
7.895,9.6,10.0,7.5,6.7,8.3,7.5,7.7,Ametista,0,4.0,2021,0
7.599,9.0,5.0,6.6,8.3,8.1,7.5,8.2,Ametista,0,2.0,2021,0
5.735,9.6,10.0,3.8,3.9,7.3,5.0,5.1,Ágata,0,3.0,2021,0
7.497,9.0,5.0,7.1,7.1,7.5,7.5,8.8,Ametista,0,2.0,2021,1
,,,,,,,,<AUSENTE>,-1,,2021,1
6.853,10.0,10.0,3.9,4.7,8.8,7.5,7.5,Ágata,0,4.0,2021,1
8.008,9.5,5.0,6.9,10.0,7.5,7.5,8.4,Ametista,0,0.0,2021,1
,,,,,,,,<AUSENTE>,-1,,2021,1
,,,,,,,,<AUSENTE>,-1,,2021,0
5.58,9.6,10.0,2.8,3.9,7.2,5.0,5.3,Ágata,0,4.0,2021,1
,,,,,,,,<AUSENTE>,-1,,2021,1
,,,,,,,,<AUSENTE>,-1,,2021,1
7.285,8.5,5.0,6.1,7.5,7.7,7.5,8.4,Ametista,0,1.0,2021,1
,,,,,,,,<AUSENTE>,-1,,2021,1
,,,,,,,,<AUSENTE>,-1,,2021,1
,,,,,,,,<AUSENTE>,-1,,2021,1
8.414,7.9,10.0,7.2,9.7,9.0,5.6,8.9,Topázio,0,3.0,2021,0
7.254,9.5,10.0,5.3,4.6,8.5,7.5,8.7,Ametista,0,2.0,2021,1
5.868,8.5,5.0,3.8,4.2,7.5,7.5,7.1,Ágata,0,2.0,2021,1
8.494,9.5,5.0,8.4,9.2,8.8,7.5,9.6,Topázio,1,1.0,2021,1
,,,,,,,,<AUSENTE>,-1,,2021,1
7.62,9.2,5.0,7.1,7.2,8.6,7.5,8.7,Ametista,0,6.0,2021,1
,,,,,,,,<AUSENTE>,-1,,2021,1
8.09,8.0,5.0,8.0,9.6,8.1,7.5,8.6,Ametista,0,1.0,2021,1
,,,,,,,,<AUSENTE>,-1,,2021,1
4.586,8.0,5.0,3.1,1.7,6.7,7.5,4.6,Quartzo,0,1.0,2021,1
4.808,6.3,5.0,3.4,4.2,5.0,7.5,4.6,Quartzo,0,0.0,2021,1
,,,,,,,,<AUSENTE>,-1,,2021,1
7.835,9.2,10.0,6.8,6.9,8.1,7.5,8.0,Ametista,0,4.0,2021,0
,,,,,,,,<AUSENTE>,-1,,2021,1
7.292,9.0,5.0,6.7,7.9,8.1,6.3,7.7,Ametista,0,2.0,2021,1
5.728,10.0,5.0,4.0,7.2,4.6,2.5,6.3,Ágata,0,6.0,2021,1
8.431,9.5,10.0,5.3,10.0,7.8,7.5,9.5,Topázio,1,0.0,2021,0
,,,,,,,,<AUSENTE>,-1,,2021,1
,,,,,,,,<AUSENTE>,-1,,2021,1
,,,,,,,,<AUSENTE>,-1,,2021,1
,,,,,,,,<AUSENTE>,-1,,2021,1
7.543,9.0,5.0,5.9,8.3,8.1,6.9,8.9,Ametista,0,2.0,2021,1
,,,,,,,,<AUSENTE>,-1,,2021,1
6.489,9.5,10.0,3.2,4.6,8.1,7.5,7.1,Ágata,0,2.0,2021,1
4.74,7.9,5.0,4.0,1.1,6.9,7.5,4.9,Quartzo,0,3.0,2021,1
8.418,7.5,10.0,9.2,7.9,8.8,7.5,8.1,Topázio,0,2.0,2021,0
8.371,9.5,5.0,7.1,10.0,8.1,7.5,9.7,Topázio,1,0.0,2021,1
8.385,10.0,10.0,5.8,8.8,8.1,7.5,9.6,Topázio,1,1.0,2021,1
8.133,8.8,10.0,7.9,7.8,8.4,7.5,7.6,Ametista,0,5.0,2021,0
8.644,10.0,10.0,7.0,10.0,7.5,7.5,8.7,Topázio,0,1.0,2021,1
,,,,,,,,<AUSENTE>,-1,,2021,1
7.336,8.8,5.0,5.7,8.6,8.0,7.5,7.8,Ametista,0,6.0,2021,1
,,,,,,,,<AUSENTE>,-1,,2021,1
,,,,,,,,<AUSENTE>,-1,,2021,1
7.49,8.5,10.0,5.2,6.7,7.2,7.5,9.0,Ametista,1,0.0,2021,1
7.332,8.5,10.0,5.4,6.3,7.5,7.5,8.2,Ametista,0,2.0,2021,1
,,,,,,,,<AUSENTE>,-1,,2021,1
,,,,,,,,<AUSENTE>,-1,,2021,1
6.535,6.7,5.0,5.8,5.6,7.7,7.5,7.9,Ágata,0,4.0,2021,1
2.735,0.0,2.5,0.4,1.3,6.6,4.4,5.3,Quartzo,0,2.0,2021,1
8.019,8.5,5.0,7.1,9.6,8.1,7.5,8.9,Ametista,0,1.0,2021,1
,,,,,,,,<AUSENTE>,-1,,2021,1
8.881,10.0,10.0,7.8,9.6,8.8,7.5,8.9,Topázio,0,1.0,2021,1
,,,,,,,,<AUSENTE>,-1,,2021,1
,,,,,,,,<AUSENTE>,-1,,2021,0
,,,,,,,,<AUSENTE>,-1,,2021,1
,,,,,,,,<AUSENTE>,-1,,2021,1
7.476,9.5,5.0,4.8,9.2,7.9,7.5,8.4,Ametista,0,1.0,2021,1
8.806,9.5,10.0,6.9,10.0,7.8,7.5,9.8,Topázio,1,0.0,2021,1
,,,,,,,,<AUSENTE>,-1,,2021,1
4.94,0.0,5.0,2.3,4.6,8.4,7.5,7.3,Quartzo,0,1.0,2021,1
5.787,0.0,5.0,3.3,9.2,8.1,3.1,8.3,Ágata,0,1.0,2021,1
,,,,,,,,<AUSENTE>,-1,,2021,1
7.31,7.1,5.0,8.5,7.2,7.7,5.0,8.5,Ametista,0,4.0,2021,1
6.913,8.8,5.0,5.8,6.4,8.4,7.5,7.5,Ametista,0,5.0,2021,1
,,,,,,,,<AUSENTE>,-1,,2021,1
7.196,9.5,5.0,5.5,9.2,8.3,3.1,8.3,Ametista,0,1.0,2021,0
8.358,9.0,10.0,7.4,8.8,7.5,7.5,8.7,Topázio,0,1.0,2021,1
8.583,9.0,10.0,5.9,10.0,8.1,7.5,9.7,Topázio,1,0.0,2021,0
,,,,,,,,<AUSENTE>,-1,,2021,1
5.193,10.0,10.0,0.7,3.6,6.9,7.5,4.5,Quartzo,0,3.0,2021,1
,,,,,,,,<AUSENTE>,-1,,2021,0
5.742,7.1,2.5,5.1,5.0,7.1,7.5,6.5,Ágata,0,3.0,2021,1
7.438,9.0,5.0,5.9,8.3,7.5,7.5,8.4,Ametista,0,0.0,2021,1
5.888,9.0,5.0,3.4,5.0,7.5,7.5,6.5,Ágata,0,0.0,2021,1
,,,,,,,,<AUSENTE>,-1,,2021,1
3.754,6.3,5.0,2.4,2.1,4.4,6.3,3.3,Quartzo,0,1.0,2021,1
,,,,,,,,<AUSENTE>,-1,,2021,1
6.783,8.5,5.0,6.1,6.3,7.5,6.9,7.7,Ágata,0,2.0,2021,1
,,,,,,,,<AUSENTE>,-1,,2021,1
7.082,8.5,5.0,6.4,7.5,6.9,6.3,8.2,Ametista,0,1.0,2021,1
,,,,,,,,<AUSENTE>,-1,,2021,1
9.163,10.0,10.0,9.4,10.0,8.5,5.0,9.7,Topázio,1,2.0,2021,0
6.633,10.0,5.0,5.3,6.7,7.5,7.5,6.2,Ágata,0,0.0,2021,1
3.868,9.5,5.0,0.0,1.7,7.3,5.0,4.3,Quartzo,0,2.0,2021,1
,,,,,,,,<AUSENTE>,-1,,2021,1
,,,,,,,,<AUSENTE>,-1,,2021,1
,,,,,,,,<AUSENTE>,-1,,2021,1
,,,,,,,,<AUSENTE>,-1,,2021,1
,,,,,,,,<AUSENTE>,-1,,2021,1
,,,,,,,,<AUSENTE>,-1,,2021,1
8.046,9.5,5.0,8.5,6.3,9.0,7.5,10.0,Ametista,1,2.0,2021,0
5.615,9.5,5.0,2.8,4.2,7.8,7.5,6.2,Ágata,0,0.0,2021,1
,,,,,,,,<AUSENTE>,-1,,2021,1
5.479,7.8,10.0,3.3,2.9,6.7,7.5,5.2,Quartzo,0,2.0,2021,1
8.681,10.0,5.0,9.3,8.6,8.8,7.5,9.9,Topázio,1,5.0,2021,1
,,,,,,,,<AUSENTE>,-1,,2021,1
,,,,,,,,<AUSENTE>,-1,,2021,1
6.722,8.0,10.0,4.5,5.8,7.5,7.5,6.8,Ágata,0,2.0,2021,1
,,,,,,,,<AUSENTE>,-1,,2021,1
,,,,,,,,<AUSENTE>,-1,,2021,0
,,,,,,,,<AUSENTE>,-1,,2021,1
,,,,,,,,<AUSENTE>,-1,,2021,1
6.842,8.5,5.0,6.6,6.3,7.3,6.9,7.5,Ágata,0,2.0,2021,1
6.917,9.5,5.0,6.5,5.8,7.5,7.5,7.5,Ametista,0,0.0,2021,1
5.101,6.7,5.0,2.0,5.0,7.3,7.5,5.3,Quartzo,0,3.0,2021,1
7.908,8.5,5.0,7.9,9.2,7.5,7.5,8.3,Ametista,0,2.0,2021,0
6.042,9.0,5.0,4.9,8.3,7.5,0.0,6.2,Ágata,0,0.0,2021,1
,,,,,,,,<AUSENTE>,-1,,2021,1
6.675,8.5,5.0,5.9,5.0,7.5,7.5,8.3,Ágata,0,0.0,2021,1
8.665,9.5,10.0,7.3,10.0,7.8,7.5,8.7,Topázio,0,0.0,2021,1
8.263,10.0,5.0,7.1,10.0,7.5,7.5,9.3,Topázio,1,0.0,2021,1
,,,,,,,,<AUSENTE>,-1,,2021,1
6.197,9.5,5.0,4.9,4.6,7.5,7.5,6.8,Ágata,0,2.0,2021,1
,,,,,,,,<AUSENTE>,-1,,2021,1
7.106,9.2,5.0,6.3,6.7,7.5,7.5,7.9,Ametista,0,3.0,2021,1
,,,,,,,,<AUSENTE>,-1,,2021,0
7.213,10.0,5.0,6.9,6.3,7.7,7.5,7.8,Ametista,0,2.0,2021,1
6.814,9.5,2.5,5.4,7.1,7.5,7.5,8.1,Ágata,0,2.0,2021,1
7.286,9.0,5.0,5.1,9.2,8.3,7.5,7.2,Ametista,0,1.0,2021,1
7.449,8.5,5.0,5.8,8.3,8.5,7.5,8.4,Ametista,0,1.0,2021,1
8.713,9.5,10.0,8.3,9.2,8.3,7.5,8.4,Topázio,0,2.0,2021,0
,,,,,,,,<AUSENTE>,-1,,2021,1
,,,,,,,,<AUSENTE>,-1,,2021,1
5.029,9.5,5.0,2.5,3.8,6.7,5.6,5.5,Quartzo,0,2.0,2021,1
8.271,10.0,5.0,6.9,10.0,8.1,7.5,9.2,Topázio,1,1.0,2021,1
,,,,,,,,<AUSENTE>,-1,,2021,1
,,,,,,,,<AUSENTE>,-1,,2021,1
,,,,,,,,<AUSENTE>,-1,,2021,0
5.686,6.7,5.0,5.8,3.9,7.5,7.5,5.4,Ágata,0,4.0,2021,1
7.765,7.9,10.0,8.0,6.4,8.1,7.5,7.7,Ametista,0,5.0,2021,0
,,,,,,,,<AUSENTE>,-1,,2021,0
,,,,,,,,<AUSENTE>,-1,,2021,1
7.431,9.0,5.0,6.9,7.1,8.5,7.5,8.1,Ametista,0,2.0,2021,1
8.042,9.2,10.0,8.1,7.8,7.5,6.3,7.9,Ametista,0,3.0,2021,0
8.085,9.2,5.0,7.6,8.1,8.1,8.8,9.2,Ametista,1,3.0,2021,1
7.002,8.8,10.0,6.2,4.4,8.0,7.5,7.3,Ametista,0,5.0,2021,1
7.36,7.5,10.0,6.8,6.1,7.7,7.5,7.5,Ametista,0,3.0,2021,0
8.061,10.0,10.0,6.4,8.8,7.9,5.0,8.7,Ametista,0,1.0,2021,1
9.107,9.0,10.0,9.3,8.8,8.5,8.8,9.4,Topázio,1,2.0,2021,0
8.675,8.8,10.0,7.4,8.9,9.2,7.5,9.3,Topázio,1,4.0,2021,0
,,,,,,,,<AUSENTE>,-1,,2021,1
,,,,,,,,<AUSENTE>,-1,,2021,1
4.785,8.3,10.0,0.8,2.5,7.2,7.5,4.1,Quartzo,0,4.0,2021,0
,,,,,,,,<AUSENTE>,-1,,2021,1
6.872,7.1,10.0,6.8,4.7,7.8,6.9,7.0,Ágata,0,4.0,2021,0
5.421,7.9,5.0,2.9,5.3,7.3,7.5,5.1,Quartzo,0,3.0,2021,1
,,,,,,,,<AUSENTE>,-1,,2021,1
7.36,8.0,10.0,6.8,5.8,7.8,7.5,7.5,Ametista,0,0.0,2021,0
,,,,,,,,<AUSENTE>,-1,,2021,1
,,,,,,,,<AUSENTE>,-1,,2021,1
6.546,7.5,5.0,3.2,7.1,7.9,7.5,8.5,Ágata,0,1.0,2021,1
,,,,,,,,<AUSENTE>,-1,,2021,1
,,,,,,,,<AUSENTE>,-1,,2021,1
7.44,9.2,5.0,6.5,7.5,7.8,7.5,8.4,Ametista,0,5.0,2021,1
8.065,8.3,5.0,8.4,9.2,8.1,6.3,8.9,Ametista,0,3.0,2021,1
,,,,,,,,<AUSENTE>,-1,,2021,0
,,,,,,,,<AUSENTE>,-1,,2021,1
,,,,,,,,<AUSENTE>,-1,,2021,1
8.921,9.5,5.0,8.9,10.0,9.8,7.5,9.8,Topázio,1,2.0,2021,1
,,,,,,,,<AUSENTE>,-1,,2021,0
,,,,,,,,<AUSENTE>,-1,,2021,1
5.45,8.8,10.0,3.3,3.1,6.7,7.5,4.4,Quartzo,0,3.0,2021,1
6.118,7.5,5.0,3.6,4.6,8.3,7.5,8.3,Ágata,0,2.0,2021,1
8.533,9.5,5.0,7.9,9.2,8.5,8.8,9.7,Topázio,1,2.0,2021,0
,,,,,,,,<AUSENTE>,-1,,2021,1
,,,,,,,,<AUSENTE>,-1,,2021,1
8.65,10.0,10.0,7.5,8.3,8.8,7.5,9.3,Topázio,1,4.0,2021,0
,,,,,,,,<AUSENTE>,-1,,2021,1
5.531,6.3,5.0,4.1,5.8,7.5,5.0,5.8,Quartzo,0,2.0,2021,0
7.211,7.9,2.5,8.2,7.5,7.9,6.3,8.1,Ametista,0,3.0,2021,1
5.943,8.3,10.0,2.3,6.7,7.3,7.5,4.2,Ágata,0,4.0,2021,1
7.25,9.2,5.0,6.5,7.5,7.5,7.5,7.7,Ametista,0,3.0,2021,1
,,,,,,,,<AUSENTE>,-1,,2021,0
,,,,,,,,<AUSENTE>,-1,,2021,1
,,,,,,,,<AUSENTE>,-1,,2021,1
9.046,9.5,10.0,7.9,10.0,8.8,7.5,9.4,Topázio,1,0.0,2021,1
,,,,,,,,<AUSENTE>,-1,,2021,1
6.993,8.5,10.0,5.1,5.8,8.1,7.5,6.9,Ametista,0,1.0,2021,1
,,,,,,,,<AUSENTE>,-1,,2021,1
9.176,10.0,10.0,9.1,10.0,9.0,5.0,9.8,Topázio,1,1.0,2021,1
,,,,,,,,<AUSENTE>,-1,,2021,1
,,,,,,,,<AUSENTE>,-1,,2021,1
7.196,8.0,5.0,6.3,8.3,7.5,7.5,7.3,Ametista,0,2.0,2021,1
8.075,10.0,5.0,7.1,10.0,7.5,7.5,8.3,Ametista,0,0.0,2021,1
6.231,7.9,5.0,4.4,5.0,7.9,7.5,7.6,Ágata,0,2.0,2021,1
,,,,,,,,<AUSENTE>,-1,,2021,1
,,,,,,,,<AUSENTE>,-1,,2021,0
7.549,9.0,2.5,7.6,7.5,7.9,7.5,9.2,Ametista,1,2.0,2021,1
6.958,8.0,10.0,4.4,6.7,7.5,7.5,7.3,Ametista,0,0.0,2021,1
,,,,,,,,<AUSENTE>,-1,,2021,1
8.073,8.8,10.0,8.2,6.1,8.6,7.5,8.7,Ametista,0,5.0,2021,1
8.758,9.5,10.0,6.6,10.0,8.1,7.5,9.7,Topázio,1,0.0,2021,0
7.207,8.5,10.0,3.9,7.1,7.9,7.5,8.1,Ametista,0,2.0,2021,1
7.76,9.0,5.0,4.9,10.0,8.1,7.5,9.1,Ametista,1,1.0,2021,1
4.286,7.9,5.0,1.2,2.8,6.3,6.3,4.8,Quartzo,0,3.0,2021,1
7.482,9.2,5.0,7.3,7.5,8.1,7.5,7.7,Ametista,0,5.0,2021,1
6.418,10.0,10.0,3.6,3.9,7.3,7.5,7.2,Ágata,0,3.0,2021,0
8.506,10.0,10.0,7.9,7.8,8.8,7.5,8.8,Topázio,0,5.0,2021,0
7.351,9.5,5.0,3.6,10.0,7.7,7.5,8.3,Ametista,0,1.0,2021,1
,,,,,,,,<AUSENTE>,-1,,2021,0
5.506,6.7,5.0,5.8,3.1,7.3,6.9,5.7,Quartzo,0,3.0,2021,1
4.335,0.0,5.0,1.6,5.4,7.8,5.6,5.4,Quartzo,0,2.0,2021,1
,,,,,,,,<AUSENTE>,-1,,2021,1
,,,,,,,,<AUSENTE>,-1,,2021,1
6.598,9.0,5.0,6.6,8.3,5.3,4.4,6.2,Ágata,0,0.0,2021,1
,,,,,,,,<AUSENTE>,-1,,2021,1
6.644,7.1,5.0,7.3,7.2,6.9,5.6,6.5,Ágata,0,6.0,2021,1
,,,,,,,,<AUSENTE>,-1,,2021,1
,,,,,,,,<AUSENTE>,-1,,2021,1
6.85,8.5,5.0,4.9,7.9,8.1,7.5,6.8,Ágata,0,2.0,2021,1
8.151,9.2,10.0,6.6,7.5,8.1,7.5,9.3,Ametista,1,3.0,2021,0
7.713,9.5,5.0,4.8,9.6,8.1,7.5,9.2,Ametista,1,1.0,2021,1
,,,,,,,,<AUSENTE>,-1,,2021,1
,,,,,,,,<AUSENTE>,-1,,2021,1
,,,,,,,,<AUSENTE>,-1,,2021,0
6.243,8.0,5.0,2.8,7.1,7.9,7.5,7.1,Ágata,0,2.0,2021,1
,,,,,,,,<AUSENTE>,-1,,2021,1
,,,,,,,,<AUSENTE>,-1,,2021,1
8.586,9.5,10.0,6.2,10.0,7.7,7.5,9.4,Topázio,1,2.0,2021,1
,,,,,,,,<AUSENTE>,-1,,2021,1
7.724,9.2,5.0,7.7,8.3,7.7,7.5,7.9,Ametista,0,3.0,2021,1
7.99,9.0,5.0,6.5,9.6,8.1,7.5,9.1,Ametista,1,1.0,2021,1
,,,,,,,,<AUSENTE>,-1,,2021,1
,,,,,,,,<AUSENTE>,-1,,2021,1
8.396,9.5,5.0,7.3,10.0,8.1,7.5,9.7,Topázio,1,0.0,2021,1
8.846,8.5,10.0,8.4,10.0,7.7,7.5,9.0,Topázio,1,1.0,2021,1
8.081,9.0,10.0,7.0,8.3,7.8,7.5,7.9,Ametista,0,0.0,2021,1
,,,,,,,,<AUSENTE>,-1,,2021,1
,,,,,,,,<AUSENTE>,-1,,2021,1
4.451,6.7,10.0,2.9,2.2,5.2,5.0,3.7,Quartzo,0,3.0,2021,1
,,,,,,,,<AUSENTE>,-1,,2021,1
6.379,7.4,5.0,1.9,7.5,8.1,7.5,8.5,Ágata,0,2.0,2021,1
,,,,,,,,<AUSENTE>,-1,,2021,1
,,,,,,,,<AUSENTE>,-1,,2021,1
,,,,,,,,<AUSENTE>,-1,,2021,1
,,,,,,,,<AUSENTE>,-1,,2021,0
4.511,7.9,5.0,2.1,3.9,7.5,0.0,6.4,Quartzo,0,5.0,2021,1
7.772,10.0,10.0,3.9,8.3,8.1,7.5,8.8,Ametista,0,1.0,2021,1
8.544,9.5,10.0,7.1,10.0,7.8,7.5,8.3,Topázio,0,0.0,2021,0
,,,,,,,,<AUSENTE>,-1,,2021,0
7.933,8.5,5.0,8.3,8.3,7.5,7.5,8.8,Ametista,0,2.0,2021,0
,,,,,,,,<AUSENTE>,-1,,2021,0
,,,,,,,,<AUSENTE>,-1,,2021,0
,,,,,,,,<AUSENTE>,-1,,2021,1
,,,,,,,,<AUSENTE>,-1,,2021,1
5.835,7.9,5.0,5.4,5.6,7.3,7.5,4.4,Ágata,0,3.0,2021,1
,,,,,,,,<AUSENTE>,-1,,2021,1
7.273,8.5,5.0,5.4,10.0,7.8,7.5,6.6,Ametista,0,0.0,2021,1
9.069,9.0,10.0,8.3,10.0,8.1,7.5,9.7,Topázio,1,1.0,2021,0
6.133,9.5,5.0,3.5,5.8,7.5,7.5,6.6,Ágata,0,0.0,2021,1
6.082,9.5,5.0,3.1,5.4,7.3,7.5,7.2,Ágata,0,2.0,2021,1
6.772,8.8,5.0,5.0,7.8,7.5,7.5,6.7,Ágata,0,6.0,2021,1
6.239,6.7,5.0,5.1,6.9,7.5,5.0,7.0,Ágata,0,4.0,2021,1
,,,,,,,,<AUSENTE>,-1,,2021,0
5.061,0.0,5.0,4.6,2.9,7.7,7.5,7.7,Quartzo,0,2.0,2021,1
,,,,,,,,<AUSENTE>,-1,,2021,0
8.866,8.3,10.0,7.8,9.7,9.2,7.5,9.3,Topázio,1,4.0,2021,0
,,,,,,,,<AUSENTE>,-1,,2021,1
6.517,7.5,10.0,5.5,3.9,7.8,7.5,6.8,Ágata,0,6.0,2021,0
,,,,,,,,<AUSENTE>,-1,,2021,1
,,,,,,,,<AUSENTE>,-1,,2021,1
7.475,8.5,10.0,5.6,6.7,8.5,6.3,8.5,Ametista,0,2.0,2021,0
5.91,8.0,5.0,3.9,8.3,6.6,5.0,5.0,Ágata,0,0.0,2021,1
,,,,,,,,<AUSENTE>,-1,,2021,1
,,,,,,,,<AUSENTE>,-1,,2021,1
7.219,9.0,5.0,6.9,7.9,7.5,5.0,8.1,Ametista,0,2.0,2021,1
7.247,7.4,5.0,4.7,8.8,8.1,7.5,8.8,Ametista,0,1.0,2021,1
8.355,10.0,5.0,9.0,8.3,8.0,7.5,9.3,Topázio,1,5.0,2021,1
7.757,8.5,5.0,6.6,9.6,8.3,6.9,8.2,Ametista,0,1.0,2021,1
7.289,10.0,10.0,6.4,5.8,7.1,7.5,6.9,Ametista,0,3.0,2021,1
,,,,,,,,<AUSENTE>,-1,,2021,1
,,,,,,,,<AUSENTE>,-1,,2021,1
,,,,,,,,<AUSENTE>,-1,,2021,1
8.581,10.0,10.0,8.3,8.3,8.1,7.5,8.4,Topázio,0,2.0,2021,0
6.469,9.2,5.0,7.4,5.0,9.1,4.4,6.2,Ágata,0,3.0,2021,1
,,,,,,,,<AUSENTE>,-1,,2021,1
4.625,9.2,5.0,1.3,4.7,7.3,5.6,3.6,Quartzo,0,3.0,2021,1
7.747,8.8,5.0,9.0,6.4,8.3,7.5,8.6,Ametista,0,3.0,2021,1
7.542,7.9,10.0,7.1,6.1,7.5,7.5,8.1,Ametista,0,3.0,2021,1
7.31,8.5,5.0,5.1,8.8,8.1,7.5,8.1,Ametista,0,1.0,2021,1
6.908,8.3,5.0,6.2,6.4,7.5,7.5,7.8,Ametista,0,3.0,2021,1
,,,,,,,,<AUSENTE>,-1,,2021,1
,,,,,,,,<AUSENTE>,-1,,2021,0
,,,,,,,,<AUSENTE>,-1,,2021,1
,,,,,,,,<AUSENTE>,-1,,2021,0
7.44,7.5,10.0,5.3,7.5,8.1,7.5,7.9,Ametista,0,2.0,2021,1
7.494,7.1,5.0,7.6,8.1,8.1,6.9,8.3,Ametista,0,4.0,2021,1
8.064,9.0,5.0,6.1,10.0,8.1,7.5,9.4,Ametista,1,1.0,2021,1
,,,,,,,,<AUSENTE>,-1,,2021,1
7.261,9.5,10.0,4.2,7.5,7.7,6.3,7.9,Ametista,0,2.0,2021,0
7.885,7.0,5.0,7.3,9.6,8.1,7.5,8.8,Ametista,0,1.0,2021,1
6.029,0.0,5.0,6.3,5.4,8.3,7.5,8.0,Ágata,0,2.0,2021,0
,,,,,,,,<AUSENTE>,-1,,2021,1
8.596,9.5,5.0,7.7,10.0,8.8,7.5,9.9,Topázio,1,0.0,2021,0
,,,,,,,,<AUSENTE>,-1,,2021,1
,,,,,,,,<AUSENTE>,-1,,2021,1
,,,,,,,,<AUSENTE>,-1,,2021,1
,,,,,,,,<AUSENTE>,-1,,2021,1
,,,,,,,,<AUSENTE>,-1,,2021,1
,,,,,,,,<AUSENTE>,-1,,2021,1
,,,,,,,,<AUSENTE>,-1,,2021,1
,,,,,,,,<AUSENTE>,-1,,2021,1
,,,,,,,,<AUSENTE>,-1,,2021,0
8.296,7.9,10.0,7.2,7.5,8.5,7.5,9.8,Topázio,1,3.0,2021,0
4.081,9.5,5.0,1.1,0.4,7.2,7.5,4.3,Quartzo,0,1.0,2021,1
,,,,,,,,<AUSENTE>,-1,,2021,1
,,,,,,,,<AUSENTE>,-1,,2021,1
5.207,0.0,5.0,5.8,3.3,7.5,7.5,6.9,Quartzo,0,2.0,2021,1
,,,,,,,,<AUSENTE>,-1,,2021,1
7.107,9.0,10.0,5.2,5.4,7.9,7.5,7.7,Ametista,0,2.0,2021,1
6.05,5.4,10.0,6.6,3.6,7.0,5.0,6.3,Ágata,0,5.0,2021,1
7.604,9.5,5.0,7.4,7.5,7.5,7.5,8.3,Ametista,0,2.0,2021,0
5.751,8.0,5.0,0.9,5.8,7.7,7.5,7.9,Ágata,0,1.0,2021,1
6.892,9.0,10.0,5.6,5.8,7.3,7.5,6.2,Ametista,0,2.0,2021,1
8.767,8.5,10.0,8.6,10.0,7.9,5.0,9.5,Topázio,1,2.0,2021,0
,,,,,,,,<AUSENTE>,-1,,2021,1
,,,,,,,,<AUSENTE>,-1,,2021,0
8.931,9.5,10.0,6.9,10.0,8.4,7.5,10.0,Topázio,1,0.0,2021,1
7.693,8.8,5.0,7.5,8.3,7.7,7.5,8.1,Ametista,0,3.0,2021,1
7.506,10.0,5.0,6.4,10.0,7.8,6.9,6.3,Ametista,0,0.0,2021,1
,,,,,,,,<AUSENTE>,-1,,2021,1
,,,,,,,,<AUSENTE>,-1,,2021,1
7.4,7.0,10.0,6.3,10.0,2.5,7.5,7.2,Ametista,0,0.0,2021,1
7.449,8.0,5.0,5.2,10.0,7.5,7.5,8.1,Ametista,0,1.0,2021,0
,,,,,,,,<AUSENTE>,-1,,2021,1
7.636,9.0,5.0,6.3,8.3,8.1,7.5,8.7,Ametista,0,1.0,2021,1
8.475,9.6,10.0,6.9,8.9,7.9,7.5,9.1,Topázio,1,3.0,2021,0
7.844,8.8,10.0,5.8,7.2,7.9,7.5,9.2,Ametista,1,3.0,2021,0
7.219,9.0,10.0,1.9,9.2,7.7,7.5,7.9,Ametista,0,1.0,2021,1
7.896,9.0,5.0,5.8,10.0,7.5,7.5,9.2,Ametista,1,0.0,2021,1
,,,,,,,,<AUSENTE>,-1,,2021,1
7.008,9.6,10.0,5.6,6.1,7.1,7.5,6.2,Ametista,0,3.0,2021,1
6.917,8.4,5.0,7.1,5.4,7.5,7.5,7.8,Ametista,0,2.0,2021,0
8.782,9.0,10.0,8.4,7.9,9.2,7.5,9.7,Topázio,1,2.0,2021,0
,,,,,,,,<AUSENTE>,-1,,2021,1
8.863,9.5,10.0,8.1,10.0,7.5,7.5,9.0,Topázio,1,1.0,2021,1
,,,,,,,,<AUSENTE>,-1,,2021,1
7.679,8.0,5.0,5.8,9.2,8.3,7.5,9.0,Ametista,1,2.0,2021,1
,,,,,,,,<AUSENTE>,-1,,2021,0
6.619,8.3,10.0,6.5,6.1,8.0,0.0,7.3,Ágata,0,4.0,2021,0
,,,,,,,,<AUSENTE>,-1,,2021,1
,,,,,,,,<AUSENTE>,-1,,2021,1
,,,,,,,,<AUSENTE>,-1,,2021,1
8.25,9.0,10.0,5.5,10.0,7.5,7.5,8.8,Topázio,0,0.0,2021,1
,,,,,,,,<AUSENTE>,-1,,2021,0
,,,,,,,,<AUSENTE>,-1,,2021,0
7.457,7.9,5.0,6.0,8.8,8.5,7.5,8.1,Ametista,0,1.0,2021,1
8.788,10.0,10.0,6.9,10.0,7.5,7.5,9.5,Topázio,1,0.0,2021,1
3.599,0.0,10.0,1.3,1.7,6.9,7.5,2.9,Quartzo,0,3.0,2021,1
,,,,,,,,<AUSENTE>,-1,,2021,0
,,,,,,,,<AUSENTE>,-1,,2021,1
,,,,,,,,<AUSENTE>,-1,,2021,0
6.421,7.5,10.0,4.7,4.7,7.7,5.0,7.6,Ágata,0,3.0,2021,0
7.494,8.3,10.0,5.8,5.6,8.3,7.5,9.0,Ametista,1,3.0,2021,1
,,,,,,,,<AUSENTE>,-1,,2021,0
,,,,,,,,<AUSENTE>,-1,,2021,1
,,,,,,,,<AUSENTE>,-1,,2021,0
,,,,,,,,<AUSENTE>,-1,,2021,0
4.9,9.5,5.0,2.3,0.0,7.5,7.5,7.5,Quartzo,0,0.0,2021,1
8.0,9.5,5.0,7.0,10.0,7.5,7.5,8.3,Ametista,0,0.0,2021,1
6.54,6.7,10.0,5.8,4.7,7.3,7.5,6.5,Ágata,0,3.0,2021,0
8.544,9.5,5.0,8.1,10.0,8.8,7.5,9.2,Topázio,1,1.0,2021,0
7.501,9.2,5.0,6.8,8.6,8.1,7.5,7.2,Ametista,0,6.0,2021,1
,,,,,,,,<AUSENTE>,-1,,2021,1
7.758,9.5,5.0,5.4,9.6,8.3,7.5,8.7,Ametista,0,1.0,2021,1
7.194,9.5,5.0,5.7,7.1,7.3,7.5,8.6,Ametista,0,2.0,2021,1
7.033,9.2,10.0,4.6,5.3,7.5,7.5,8.2,Ametista,0,3.0,2021,1
6.914,8.5,5.0,5.4,8.3,7.5,7.5,6.6,Ametista,0,1.0,2021,1
,,,,,,,,<AUSENTE>,-1,,2021,1
7.859,7.5,10.0,6.3,7.2,7.8,7.5,9.4,Ametista,1,5.0,2021,1
,,,,,,,,<AUSENTE>,-1,,2021,1
4.45,9.0,5.0,0.0,1.7,7.7,8.1,5.7,Quartzo,0,2.0,2021,1
,,,,,,,,<AUSENTE>,-1,,2021,1
,,,,,,,,<AUSENTE>,-1,,2021,1
7.954,8.0,10.0,5.6,9.6,7.9,6.9,8.2,Ametista,0,1.0,2021,1
6.234,8.8,5.0,3.9,7.5,7.3,7.5,5.5,Ágata,0,4.0,2021,1
7.179,8.5,5.0,3.7,8.8,7.9,7.5,9.0,Ametista,1,1.0,2021,1
,,,,,,,,<AUSENTE>,-1,,2021,1
7.225,7.9,10.0,5.4,7.2,8.0,7.5,6.8,Ametista,0,6.0,2021,1
9.294,10.0,10.0,8.9,9.2,9.2,8.1,9.7,Topázio,1,1.0,2021,0
,,,,,,,,<AUSENTE>,-1,,2021,0
8.313,10.0,10.0,5.3,10.0,7.5,7.5,8.8,Topázio,0,0.0,2021,1
8.331,10.0,10.0,5.9,9.6,8.1,6.3,8.9,Topázio,0,1.0,2021,0
,,,,,,,,<AUSENTE>,-1,,2021,1
,,,,,,,,<AUSENTE>,-1,,2021,0
4.0,0.0,5.0,3.3,2.9,6.0,5.6,5.5,Quartzo,0,2.0,2021,1
6.889,9.5,5.0,3.6,7.9,7.9,7.5,7.9,Ametista,0,1.0,2021,1
6.621,9.5,5.0,5.5,6.3,7.3,6.3,7.3,Ágata,0,2.0,2021,1
,,,,,,,,<AUSENTE>,-1,,2021,1
8.217,10.0,5.0,8.0,9.6,7.5,7.5,8.5,Ametista,0,2.0,2021,1
,,,,,,,,<AUSENTE>,-1,,2021,1
,,,,,,,,<AUSENTE>,-1,,2021,1
6.871,9.0,10.0,5.1,5.4,6.5,7.5,7.3,Ágata,0,2.0,2021,1
,,,,,,,,<AUSENTE>,-1,,2021,1
,,,,,,,,<AUSENTE>,-1,,2021,1
,,,,,,,,<AUSENTE>,-1,,2021,1
7.129,9.5,10.0,6.8,8.3,7.5,0.0,7.0,Ametista,0,0.0,2021,1
,,,,,,,,<AUSENTE>,-1,,2021,0
,,,,,,,,<AUSENTE>,-1,,2021,0
,,,,,,,,<AUSENTE>,-1,,2021,1
7.906,8.8,10.0,8.4,5.8,7.8,7.5,8.3,Ametista,0,4.0,2021,0
7.634,7.5,5.0,7.5,8.6,8.3,6.3,8.5,Ametista,0,4.0,2021,1
7.264,7.9,5.0,6.0,8.6,8.1,5.6,8.4,Ametista,0,4.0,2021,1
,,,,,,,,<AUSENTE>,-1,,2021,1
5.047,7.1,5.0,4.0,3.3,6.7,7.5,4.8,Quartzo,0,3.0,2021,1
7.547,9.2,10.0,5.5,7.8,7.9,6.3,7.8,Ametista,0,3.0,2021,1
7.961,9.2,5.0,8.1,8.9,8.8,5.0,8.9,Ametista,0,4.0,2021,1
9.107,10.0,5.0,9.5,10.0,9.8,7.5,9.9,Topázio,1,2.0,2021,0
,,,,,,,,<AUSENTE>,-1,,2021,1
8.292,8.8,5.0,8.2,9.2,8.8,7.5,9.1,Topázio,1,4.0,2021,1
,,,,,,,,<AUSENTE>,-1,,2021,0
6.969,7.4,5.0,6.9,5.0,8.1,7.5,8.9,Ametista,0,2.0,2021,1
,,,,,,,,<AUSENTE>,-1,,2021,1
7.318,8.0,5.0,5.8,8.8,8.3,7.5,7.6,Ametista,0,1.0,2021,1
5.931,0.0,5.0,7.8,5.3,7.9,7.5,6.3,Ágata,0,3.0,2021,1
,,,,,,,,<AUSENTE>,-1,,2021,0
,,,,,,,,<AUSENTE>,-1,,2021,1
,,,,,,,,<AUSENTE>,-1,,2021,1
9.048,9.5,10.0,7.7,10.0,8.4,7.5,9.8,Topázio,1,0.0,2021,1
6.73,8.8,10.0,6.5,5.3,7.0,5.6,6.2,Ágata,0,4.0,2021,1
8.014,8.8,5.0,8.6,8.3,8.3,7.5,8.4,Ametista,0,5.0,2021,1
6.458,7.9,5.0,6.9,6.1,5.8,3.8,8.1,Ágata,0,3.0,2021,1
,,,,,,,,<AUSENTE>,-1,,2021,1
,,,,,,,,<AUSENTE>,-1,,2021,1
7.765,7.9,5.0,7.2,8.6,7.7,7.5,8.9,Ametista,0,3.0,2021,1
6.294,10.0,10.0,1.8,6.3,6.9,7.5,6.2,Ágata,0,2.0,2021,0
8.104,9.5,5.0,6.9,9.6,8.1,7.5,9.0,Ametista,1,1.0,2021,1
,,,,,,,,<AUSENTE>,-1,,2021,0
4.275,9.5,5.0,0.0,1.3,7.3,8.1,5.2,Quartzo,0,1.0,2021,1
9.025,8.8,10.0,9.2,8.9,9.2,6.3,9.9,Topázio,1,3.0,2021,0
6.775,8.3,10.0,6.0,7.2,6.7,3.8,6.3,Ágata,0,6.0,2021,1
8.003,9.2,5.0,8.5,6.9,8.4,8.1,9.3,Ametista,1,5.0,2021,1
,,,,,,,,<AUSENTE>,-1,,2021,1
,,,,,,,,<AUSENTE>,-1,,2021,1
,,,,,,,,<AUSENTE>,-1,,2021,1
7.961,9.0,5.0,7.6,9.6,8.1,5.6,8.7,Ametista,0,1.0,2021,1
7.006,7.4,10.0,4.4,8.3,6.6,7.5,6.6,Ametista,0,0.0,2021,1
,,,,,,,,<AUSENTE>,-1,,2021,1
,,,,,,,,<AUSENTE>,-1,,2021,1
,,,,,,,,<AUSENTE>,-1,,2021,1
7.554,8.5,5.0,6.1,8.8,8.1,7.5,8.3,Ametista,0,2.0,2021,0
4.615,7.5,10.0,1.9,2.5,7.1,4.4,4.2,Quartzo,0,3.0,2021,0
,,,,,,,,<AUSENTE>,-1,,2021,1
,,,,,,,,<AUSENTE>,-1,,2021,1
8.322,9.2,10.0,7.4,8.6,7.9,7.5,8.3,Topázio,0,3.0,2021,0
7.025,8.5,5.0,4.9,8.3,7.5,7.5,7.7,Ametista,0,0.0,2021,1
,,,,,,,,<AUSENTE>,-1,,2021,1
,,,,,,,,<AUSENTE>,-1,,2021,1
8.797,10.0,10.0,6.9,9.6,8.3,7.5,9.6,Topázio,1,1.0,2021,1
8.871,8.5,10.0,7.6,10.0,8.1,7.5,9.7,Topázio,1,0.0,2021,0
,,,,,,,,<AUSENTE>,-1,,2021,1
,,,,,,,,<AUSENTE>,-1,,2021,1
,,,,,,,,<AUSENTE>,-1,,2021,1
8.25,8.0,10.0,6.8,10.0,7.5,7.5,8.0,Topázio,0,0.0,2021,1
6.748,8.4,10.0,4.8,6.7,6.6,7.5,6.1,Ágata,0,0.0,2021,1
,,,,,,,,<AUSENTE>,-1,,2021,0
7.496,10.0,5.0,3.0,10.0,8.1,7.5,9.2,Ametista,1,1.0,2021,1
7.401,9.5,5.0,6.3,10.0,7.5,2.5,8.4,Ametista,0,1.0,2021,1
8.181,8.8,5.0,7.6,8.6,9.2,7.5,9.5,Ametista,1,3.0,2021,1
8.201,7.9,10.0,7.9,7.5,8.6,7.5,8.6,Ametista,0,5.0,2021,0
,,,,,,,,<AUSENTE>,-1,,2021,1
8.618,9.0,5.0,8.0,10.0,9.8,7.5,9.4,Topázio,1,2.0,2021,0
6.779,6.8,5.0,4.7,8.3,8.1,8.1,6.8,Ágata,0,2.0,2021,0
,,,,,,,,<AUSENTE>,-1,,2021,1
6.621,5.3,5.0,4.7,8.3,8.1,8.1,6.8,Ágata,0,2.0,2021,0
,,,,,,,,<AUSENTE>,-1,,2021,1
7.714,7.1,10.0,5.8,8.6,8.1,6.9,8.1,Ametista,0,4.0,2021,0
4.133,0.0,5.0,3.1,1.7,7.5,6.3,6.5,Quartzo,0,2.0,2021,1
7.416,9.6,10.0,7.8,6.7,7.7,5.0,6.5,Ametista,0,5.0,2021,0
,,,,,,,,<AUSENTE>,-1,,2021,1
,,,,,,,,<AUSENTE>,-1,,2021,0
4.372,6.7,5.0,2.3,2.2,7.1,7.5,4.2,Quartzo,0,3.0,2021,1
5.574,8.5,5.0,2.0,5.8,7.3,7.5,5.9,Ágata,0,1.0,2021,1
,,,,,,,,<AUSENTE>,-1,,2021,1
7.389,10.0,5.0,5.8,8.8,7.5,7.5,7.4,Ametista,0,1.0,2021,1
,,,,,,,,<AUSENTE>,-1,,2021,1
,,,,,,,,<AUSENTE>,-1,,2021,1
,,,,,,,,<AUSENTE>,-1,,2021,1
6.047,9.2,5.0,6.5,3.9,7.7,5.6,6.1,Ágata,0,3.0,2021,1
6.343,6.7,5.0,5.8,5.8,7.5,6.9,7.1,Ágata,0,3.0,2021,1
7.789,8.8,10.0,8.1,7.2,7.5,6.3,7.4,Ametista,0,3.0,2021,0
,,,,,,,,<AUSENTE>,-1,,2021,1
,,,,,,,,<AUSENTE>,-1,,2021,1
6.163,9.0,5.0,3.9,5.0,7.7,7.5,7.3,Ágata,0,1.0,2021,1
,,,,,,,,<AUSENTE>,-1,,2021,0
6.254,8.0,10.0,3.1,4.2,7.3,8.1,7.3,Ágata,0,2.0,2021,1
,,,,,,,,<AUSENTE>,-1,,2021,1
6.978,8.0,5.0,5.0,7.5,7.5,7.5,8.4,Ametista,0,1.0,2021,1
,,,,,,,,<AUSENTE>,-1,,2021,1
,,,,,,,,<AUSENTE>,-1,,2021,0
,,,,,,,,<AUSENTE>,-1,,2021,1
,,,,,,,,<AUSENTE>,-1,,2021,1
8.468,9.5,5.0,7.8,9.6,8.3,7.5,9.8,Topázio,1,1.0,2021,0
,,,,,,,,<AUSENTE>,-1,,2021,1
5.671,8.0,5.0,4.6,4.2,6.3,7.5,6.2,Ágata,0,0.0,2021,1
4.729,8.3,10.0,3.8,1.9,7.3,0.0,5.1,Quartzo,0,5.0,2021,1
,,,,,,,,<AUSENTE>,-1,,2021,1
,,,,,,,,<AUSENTE>,-1,,2021,1
8.407,9.0,10.0,5.9,10.0,7.7,7.5,9.1,Topázio,1,1.0,2021,1
8.015,10.0,10.0,6.5,8.3,7.8,7.5,7.6,Ametista,0,0.0,2021,1
7.546,8.0,5.0,5.3,10.0,7.5,7.5,8.4,Ametista,0,0.0,2021,1
6.86,8.5,5.0,4.8,7.9,7.9,7.5,7.1,Ágata,0,2.0,2021,1
8.614,9.6,10.0,6.7,9.7,8.8,7.5,8.7,Topázio,0,3.0,2021,0
,,,,,,,,<AUSENTE>,-1,,2021,1
7.521,10.0,5.0,6.4,8.3,7.5,7.5,7.8,Ametista,0,0.0,2021,1
7.297,9.0,5.0,5.3,8.8,7.9,7.5,7.8,Ametista,0,1.0,2021,1
,,,,,,,,<AUSENTE>,-1,,2021,1
,,,,,,,,<AUSENTE>,-1,,2021,1
,,,,,,,,<AUSENTE>,-1,,2021,1
6.917,7.0,10.0,4.8,6.7,7.5,7.5,7.2,Ametista,0,2.0,2021,1
,,,,,,,,<AUSENTE>,-1,,2021,1
,,,,,,,,<AUSENTE>,-1,,2021,0
,,,,,,,,<AUSENTE>,-1,,2021,1
,,,,,,,,<AUSENTE>,-1,,2021,0
7.572,6.4,10.0,6.3,8.3,8.1,5.0,8.4,Ametista,0,2.0,2021,1
,,,,,,,,<AUSENTE>,-1,,2021,1
,,,,,,,,<AUSENTE>,-1,,2021,1
,,,,,,,,<AUSENTE>,-1,,2021,1
7.518,8.0,10.0,5.1,8.8,7.9,5.6,7.9,Ametista,0,2.0,2021,1
7.186,8.5,10.0,3.4,8.8,7.5,7.5,7.1,Ametista,0,2.0,2021,1
,,,,,,,,<AUSENTE>,-1,,2021,1
,,,,,,,,<AUSENTE>,-1,,2021,1
7.117,8.8,5.0,5.5,8.3,7.5,7.5,7.3,Ametista,0,4.0,2021,1
,,,,,,,,<AUSENTE>,-1,,2021,1
,,,,,,,,<AUSENTE>,-1,,2021,0
8.821,8.5,10.0,7.4,10.0,8.1,7.5,9.7,Topázio,1,0.0,2021,0
4.831,0.0,10.0,3.4,3.8,6.7,7.5,4.9,Quartzo,0,2.0,2021,1
,,,,,,,,<AUSENTE>,-1,,2021,1
6.511,7.9,10.0,5.2,2.1,7.7,7.5,8.7,Ágata,0,2.0,2021,1
,,,,,,,,<AUSENTE>,-1,,2021,1
,,,,,,,,<AUSENTE>,-1,,2021,0
3.996,10.0,5.0,1.3,1.3,6.9,5.6,3.7,Quartzo,0,2.0,2021,1
,,,,,,,,<AUSENTE>,-1,,2021,1
7.422,7.5,5.0,6.9,8.6,7.5,6.3,8.5,Ametista,0,3.0,2021,1
,,,,,,,,<AUSENTE>,-1,,2021,1
